,Image,X1,Y1,width,height,class
0,10.1.1.1.2139_58,458,710,59,75,column
1,10.1.1.1.2139_58,531,710,37,73,column
2,10.1.1.1.2139_58,583,712,36,73,column
3,10.1.1.1.2139_58,637,712,33,72,column
4,10.1.1.160.506_4,458,710,59,75,column
5,10.1.1.160.506_4,531,710,37,73,column
6,10.1.1.160.506_4,583,712,36,73,column
7,10.1.1.160.506_4,637,712,33,72,column
8,10.1.1.6.2190_5,458,710,59,75,column
9,10.1.1.6.2190_5,531,710,37,73,column
10,10.1.1.6.2190_5,583,712,36,73,column
11,10.1.1.6.2190_5,637,712,33,72,column
12,10.1.1.160.624_15,458,710,59,75,column
13,10.1.1.160.624_15,531,710,37,73,column
14,10.1.1.160.624_15,583,712,36,73,column
15,10.1.1.160.624_15,637,712,33,72,column
16,10.1.1.170.1000_27,458,710,59,75,column
17,10.1.1.170.1000_27,531,710,37,73,column
18,10.1.1.170.1000_27,583,712,36,73,column
19,10.1.1.170.1000_27,637,712,33,72,column
20,10.1.1.1.2075_6,458,710,59,75,column
21,10.1.1.1.2075_6,531,710,37,73,column
22,10.1.1.1.2075_6,583,712,36,73,column
23,10.1.1.1.2075_6,637,712,33,72,column
24,10.1.1.34.7043_72,458,710,59,75,column
25,10.1.1.34.7043_72,531,710,37,73,column
26,10.1.1.34.7043_72,583,712,36,73,column
27,10.1.1.34.7043_72,637,712,33,72,column
28,10.1.1.1.2107_8,458,710,59,75,column
29,10.1.1.1.2107_8,531,710,37,73,column
30,10.1.1.1.2107_8,583,712,36,73,column
31,10.1.1.1.2107_8,637,712,33,72,column
32,10.1.1.1.2055_3,458,710,59,75,column
33,10.1.1.1.2055_3,531,710,37,73,column
34,10.1.1.1.2055_3,583,712,36,73,column
35,10.1.1.1.2055_3,637,712,33,72,column
36,10.1.1.1.2112_4,458,710,59,75,column
37,10.1.1.1.2112_4,531,710,37,73,column
38,10.1.1.1.2112_4,583,712,36,73,column
39,10.1.1.1.2112_4,637,712,33,72,column
40,10.1.1.20.2150_4,458,710,59,75,column
41,10.1.1.20.2150_4,531,710,37,73,column
42,10.1.1.20.2150_4,583,712,36,73,column
43,10.1.1.20.2150_4,637,712,33,72,column
44,10.1.1.6.2340_8,458,710,59,75,column
45,10.1.1.6.2340_8,531,710,37,73,column
46,10.1.1.6.2340_8,583,712,36,73,column
47,10.1.1.6.2340_8,637,712,33,72,column
48,10.1.1.100.308_18,458,710,59,75,column
49,10.1.1.100.308_18,531,710,37,73,column
50,10.1.1.100.308_18,583,712,36,73,column
51,10.1.1.100.308_18,637,712,33,72,column
52,10.1.1.7.2123_2,458,710,59,75,column
53,10.1.1.7.2123_2,531,710,37,73,column
54,10.1.1.7.2123_2,583,712,36,73,column
55,10.1.1.7.2123_2,637,712,33,72,column
56,10.1.1.185.1560_10,458,710,59,75,column
57,10.1.1.185.1560_10,531,710,37,73,column
58,10.1.1.185.1560_10,583,712,36,73,column
59,10.1.1.185.1560_10,637,712,33,72,column
60,10.1.1.7.2123_3,458,710,59,75,column
61,10.1.1.7.2123_3,531,710,37,73,column
62,10.1.1.7.2123_3,583,712,36,73,column
63,10.1.1.7.2123_3,637,712,33,72,column
64,10.1.1.37.5365_5,458,710,59,75,column
65,10.1.1.37.5365_5,531,710,37,73,column
66,10.1.1.37.5365_5,583,712,36,73,column
67,10.1.1.37.5365_5,637,712,33,72,column
68,10.1.1.6.2248_12,458,710,59,75,column
69,10.1.1.6.2248_12,531,710,37,73,column
70,10.1.1.6.2248_12,583,712,36,73,column
71,10.1.1.6.2248_12,637,712,33,72,column
72,10.1.1.1.2091_6,458,710,59,75,column
73,10.1.1.1.2091_6,531,710,37,73,column
74,10.1.1.1.2091_6,583,712,36,73,column
75,10.1.1.1.2091_6,637,712,33,72,column
76,10.1.1.100.2033_23,458,710,59,75,column
77,10.1.1.100.2033_23,531,710,37,73,column
78,10.1.1.100.2033_23,583,712,36,73,column
79,10.1.1.100.2033_23,637,712,33,72,column
80,10.1.1.160.659_6,458,710,59,75,column
81,10.1.1.160.659_6,531,710,37,73,column
82,10.1.1.160.659_6,583,712,36,73,column
83,10.1.1.160.659_6,637,712,33,72,column
84,10.1.1.120.1527_3,458,710,59,75,column
85,10.1.1.120.1527_3,531,710,37,73,column
86,10.1.1.120.1527_3,583,712,36,73,column
87,10.1.1.120.1527_3,637,712,33,72,column
88,10.1.1.160.701_6,458,710,59,75,column
89,10.1.1.160.701_6,531,710,37,73,column
90,10.1.1.160.701_6,583,712,36,73,column
91,10.1.1.160.701_6,637,712,33,72,column
92,10.1.1.170.1002_23,458,710,59,75,column
93,10.1.1.170.1002_23,531,710,37,73,column
94,10.1.1.170.1002_23,583,712,36,73,column
95,10.1.1.170.1002_23,637,712,33,72,column
96,10.1.1.33.1967_7,458,710,59,75,column
97,10.1.1.33.1967_7,531,710,37,73,column
98,10.1.1.33.1967_7,583,712,36,73,column
99,10.1.1.33.1967_7,637,712,33,72,column
100,10.1.1.8.2185_14,458,710,59,75,column
101,10.1.1.8.2185_14,531,710,37,73,column
102,10.1.1.8.2185_14,583,712,36,73,column
103,10.1.1.8.2185_14,637,712,33,72,column
104,10.1.1.160.674_19,458,710,59,75,column
105,10.1.1.160.674_19,531,710,37,73,column
106,10.1.1.160.674_19,583,712,36,73,column
107,10.1.1.160.674_19,637,712,33,72,column
108,10.1.1.1.2063_21,458,710,59,75,column
109,10.1.1.1.2063_21,531,710,37,73,column
110,10.1.1.1.2063_21,583,712,36,73,column
111,10.1.1.1.2063_21,637,712,33,72,column
112,10.1.1.7.2127_7,458,710,59,75,column
113,10.1.1.7.2127_7,531,710,37,73,column
114,10.1.1.7.2127_7,583,712,36,73,column
115,10.1.1.7.2127_7,637,712,33,72,column
116,10.1.1.1.2075_7,458,710,59,75,column
117,10.1.1.1.2075_7,531,710,37,73,column
118,10.1.1.1.2075_7,583,712,36,73,column
119,10.1.1.1.2075_7,637,712,33,72,column
120,10.1.1.160.567_4,458,710,59,75,column
121,10.1.1.160.567_4,531,710,37,73,column
122,10.1.1.160.567_4,583,712,36,73,column
123,10.1.1.160.567_4,637,712,33,72,column
124,10.1.1.1.2051_6,458,710,59,75,column
125,10.1.1.1.2051_6,531,710,37,73,column
126,10.1.1.1.2051_6,583,712,36,73,column
127,10.1.1.1.2051_6,637,712,33,72,column
128,10.1.1.1.2014_6,458,710,59,75,column
129,10.1.1.1.2014_6,531,710,37,73,column
130,10.1.1.1.2014_6,583,712,36,73,column
131,10.1.1.1.2014_6,637,712,33,72,column
132,10.1.1.100.2026_8,458,710,59,75,column
133,10.1.1.100.2026_8,531,710,37,73,column
134,10.1.1.100.2026_8,583,712,36,73,column
135,10.1.1.100.2026_8,637,712,33,72,column
136,10.1.1.160.684_3,458,710,59,75,column
137,10.1.1.160.684_3,531,710,37,73,column
138,10.1.1.160.684_3,583,712,36,73,column
139,10.1.1.160.684_3,637,712,33,72,column
140,10.1.1.190.1804_162,458,710,59,75,column
141,10.1.1.190.1804_162,531,710,37,73,column
142,10.1.1.190.1804_162,583,712,36,73,column
143,10.1.1.190.1804_162,637,712,33,72,column
144,10.1.1.120.1507_6,458,710,59,75,column
145,10.1.1.120.1507_6,531,710,37,73,column
146,10.1.1.120.1507_6,583,712,36,73,column
147,10.1.1.120.1507_6,637,712,33,72,column
148,10.1.1.160.590_45,458,710,59,75,column
149,10.1.1.160.590_45,531,710,37,73,column
150,10.1.1.160.590_45,583,712,36,73,column
151,10.1.1.160.590_45,637,712,33,72,column
152,10.1.1.1.2134_223,458,710,59,75,column
153,10.1.1.1.2134_223,531,710,37,73,column
154,10.1.1.1.2134_223,583,712,36,73,column
155,10.1.1.1.2134_223,637,712,33,72,column
156,10.1.1.1.2014_4,458,710,59,75,column
157,10.1.1.1.2014_4,531,710,37,73,column
158,10.1.1.1.2014_4,583,712,36,73,column
159,10.1.1.1.2014_4,637,712,33,72,column
160,10.1.1.7.2160_7,458,710,59,75,column
161,10.1.1.7.2160_7,531,710,37,73,column
162,10.1.1.7.2160_7,583,712,36,73,column
163,10.1.1.7.2160_7,637,712,33,72,column
164,10.1.1.6.2312_5,458,710,59,75,column
165,10.1.1.6.2312_5,531,710,37,73,column
166,10.1.1.6.2312_5,583,712,36,73,column
167,10.1.1.6.2312_5,637,712,33,72,column
168,10.1.1.160.567_6,458,710,59,75,column
169,10.1.1.160.567_6,531,710,37,73,column
170,10.1.1.160.567_6,583,712,36,73,column
171,10.1.1.160.567_6,637,712,33,72,column
172,10.1.1.160.605_5,458,710,59,75,column
173,10.1.1.160.605_5,531,710,37,73,column
174,10.1.1.160.605_5,583,712,36,73,column
175,10.1.1.160.605_5,637,712,33,72,column
176,10.1.1.193.1816_3,458,710,59,75,column
177,10.1.1.193.1816_3,531,710,37,73,column
178,10.1.1.193.1816_3,583,712,36,73,column
179,10.1.1.193.1816_3,637,712,33,72,column
180,10.1.1.160.674_27,458,710,59,75,column
181,10.1.1.160.674_27,531,710,37,73,column
182,10.1.1.160.674_27,583,712,36,73,column
183,10.1.1.160.674_27,637,712,33,72,column
184,10.1.1.160.655_9,458,710,59,75,column
185,10.1.1.160.655_9,531,710,37,73,column
186,10.1.1.160.655_9,583,712,36,73,column
187,10.1.1.160.655_9,637,712,33,72,column
188,10.1.1.34.3054_1,458,710,59,75,column
189,10.1.1.34.3054_1,531,710,37,73,column
190,10.1.1.34.3054_1,583,712,36,73,column
191,10.1.1.34.3054_1,637,712,33,72,column
192,10.1.1.33.5766_4,458,710,59,75,column
193,10.1.1.33.5766_4,531,710,37,73,column
194,10.1.1.33.5766_4,583,712,36,73,column
195,10.1.1.33.5766_4,637,712,33,72,column
196,10.1.1.120.1603_23,458,710,59,75,column
197,10.1.1.120.1603_23,531,710,37,73,column
198,10.1.1.120.1603_23,583,712,36,73,column
199,10.1.1.120.1603_23,637,712,33,72,column
200,10.1.1.37.5365_7,458,710,59,75,column
201,10.1.1.37.5365_7,531,710,37,73,column
202,10.1.1.37.5365_7,583,712,36,73,column
203,10.1.1.37.5365_7,637,712,33,72,column
204,10.1.1.1.2013_63,458,710,59,75,column
205,10.1.1.1.2013_63,531,710,37,73,column
206,10.1.1.1.2013_63,583,712,36,73,column
207,10.1.1.1.2013_63,637,712,33,72,column
208,10.1.1.7.2172_11,458,710,59,75,column
209,10.1.1.7.2172_11,531,710,37,73,column
210,10.1.1.7.2172_11,583,712,36,73,column
211,10.1.1.7.2172_11,637,712,33,72,column
212,10.1.1.185.1560_13,458,710,59,75,column
213,10.1.1.185.1560_13,531,710,37,73,column
214,10.1.1.185.1560_13,583,712,36,73,column
215,10.1.1.185.1560_13,637,712,33,72,column
216,10.1.1.8.2124_7,458,710,59,75,column
217,10.1.1.8.2124_7,531,710,37,73,column
218,10.1.1.8.2124_7,583,712,36,73,column
219,10.1.1.8.2124_7,637,712,33,72,column
220,10.1.1.7.2101_28,458,710,59,75,column
221,10.1.1.7.2101_28,531,710,37,73,column
222,10.1.1.7.2101_28,583,712,36,73,column
223,10.1.1.7.2101_28,637,712,33,72,column
224,10.1.1.7.2108_18,458,710,59,75,column
225,10.1.1.7.2108_18,531,710,37,73,column
226,10.1.1.7.2108_18,583,712,36,73,column
227,10.1.1.7.2108_18,637,712,33,72,column
228,10.1.1.160.539_4,458,710,59,75,column
229,10.1.1.160.539_4,531,710,37,73,column
230,10.1.1.160.539_4,583,712,36,73,column
231,10.1.1.160.539_4,637,712,33,72,column
232,10.1.1.31.7802_3,458,710,59,75,column
233,10.1.1.31.7802_3,531,710,37,73,column
234,10.1.1.31.7802_3,583,712,36,73,column
235,10.1.1.31.7802_3,637,712,33,72,column
236,10.1.1.8.2174_11,458,710,59,75,column
237,10.1.1.8.2174_11,531,710,37,73,column
238,10.1.1.8.2174_11,583,712,36,73,column
239,10.1.1.8.2174_11,637,712,33,72,column
240,10.1.1.6.2303_10,458,710,59,75,column
241,10.1.1.6.2303_10,531,710,37,73,column
242,10.1.1.6.2303_10,583,712,36,73,column
243,10.1.1.6.2303_10,637,712,33,72,column
244,10.1.1.6.2216_5,458,710,59,75,column
245,10.1.1.6.2216_5,531,710,37,73,column
246,10.1.1.6.2216_5,583,712,36,73,column
247,10.1.1.6.2216_5,637,712,33,72,column
248,10.1.1.160.623_7,458,710,59,75,column
249,10.1.1.160.623_7,531,710,37,73,column
250,10.1.1.160.623_7,583,712,36,73,column
251,10.1.1.160.623_7,637,712,33,72,column
252,10.1.1.1.2030_4,458,710,59,75,column
253,10.1.1.1.2030_4,531,710,37,73,column
254,10.1.1.1.2030_4,583,712,36,73,column
255,10.1.1.1.2030_4,637,712,33,72,column
256,10.1.1.7.2127_4,458,710,59,75,column
257,10.1.1.7.2127_4,531,710,37,73,column
258,10.1.1.7.2127_4,583,712,36,73,column
259,10.1.1.7.2127_4,637,712,33,72,column
260,10.1.1.175.3006_7,458,710,59,75,column
261,10.1.1.175.3006_7,531,710,37,73,column
262,10.1.1.175.3006_7,583,712,36,73,column
263,10.1.1.175.3006_7,637,712,33,72,column
264,10.1.1.1.2018_8,458,710,59,75,column
265,10.1.1.1.2018_8,531,710,37,73,column
266,10.1.1.1.2018_8,583,712,36,73,column
267,10.1.1.1.2018_8,637,712,33,72,column
268,10.1.1.1.2032_6,458,710,59,75,column
269,10.1.1.1.2032_6,531,710,37,73,column
270,10.1.1.1.2032_6,583,712,36,73,column
271,10.1.1.1.2032_6,637,712,33,72,column
272,10.1.1.1.2051_5,458,710,59,75,column
273,10.1.1.1.2051_5,531,710,37,73,column
274,10.1.1.1.2051_5,583,712,36,73,column
275,10.1.1.1.2051_5,637,712,33,72,column
276,10.1.1.7.2186_33,458,710,59,75,column
277,10.1.1.7.2186_33,531,710,37,73,column
278,10.1.1.7.2186_33,583,712,36,73,column
279,10.1.1.7.2186_33,637,712,33,72,column
280,10.1.1.6.2234_6,458,710,59,75,column
281,10.1.1.6.2234_6,531,710,37,73,column
282,10.1.1.6.2234_6,583,712,36,73,column
283,10.1.1.6.2234_6,637,712,33,72,column
284,10.1.1.160.649_16,458,710,59,75,column
285,10.1.1.160.649_16,531,710,37,73,column
286,10.1.1.160.649_16,583,712,36,73,column
287,10.1.1.160.649_16,637,712,33,72,column
288,10.1.1.1.2087_15,458,710,59,75,column
289,10.1.1.1.2087_15,531,710,37,73,column
290,10.1.1.1.2087_15,583,712,36,73,column
291,10.1.1.1.2087_15,637,712,33,72,column
292,10.1.1.180.553_12,458,710,59,75,column
293,10.1.1.180.553_12,531,710,37,73,column
294,10.1.1.180.553_12,583,712,36,73,column
295,10.1.1.180.553_12,637,712,33,72,column
296,10.1.1.160.587_6,458,710,59,75,column
297,10.1.1.160.587_6,531,710,37,73,column
298,10.1.1.160.587_6,583,712,36,73,column
299,10.1.1.160.587_6,637,712,33,72,column
300,10.1.1.120.1518_6,458,710,59,75,column
301,10.1.1.120.1518_6,531,710,37,73,column
302,10.1.1.120.1518_6,583,712,36,73,column
303,10.1.1.120.1518_6,637,712,33,72,column
304,10.1.1.6.2216_1,458,710,59,75,column
305,10.1.1.6.2216_1,531,710,37,73,column
306,10.1.1.6.2216_1,583,712,36,73,column
307,10.1.1.6.2216_1,637,712,33,72,column
308,10.1.1.6.2264_70,458,710,59,75,column
309,10.1.1.6.2264_70,531,710,37,73,column
310,10.1.1.6.2264_70,583,712,36,73,column
311,10.1.1.6.2264_70,637,712,33,72,column
312,10.1.1.6.2314_6,458,710,59,75,column
313,10.1.1.6.2314_6,531,710,37,73,column
314,10.1.1.6.2314_6,583,712,36,73,column
315,10.1.1.6.2314_6,637,712,33,72,column
316,10.1.1.8.2185_13,458,710,59,75,column
317,10.1.1.8.2185_13,531,710,37,73,column
318,10.1.1.8.2185_13,583,712,36,73,column
319,10.1.1.8.2185_13,637,712,33,72,column
320,10.1.1.1.2134_193,458,710,59,75,column
321,10.1.1.1.2134_193,531,710,37,73,column
322,10.1.1.1.2134_193,583,712,36,73,column
323,10.1.1.1.2134_193,637,712,33,72,column
324,10.1.1.190.2745_27,458,710,59,75,column
325,10.1.1.190.2745_27,531,710,37,73,column
326,10.1.1.190.2745_27,583,712,36,73,column
327,10.1.1.190.2745_27,637,712,33,72,column
328,10.1.1.160.660_5,458,710,59,75,column
329,10.1.1.160.660_5,531,710,37,73,column
330,10.1.1.160.660_5,583,712,36,73,column
331,10.1.1.160.660_5,637,712,33,72,column
332,10.1.1.120.1527_4,458,710,59,75,column
333,10.1.1.120.1527_4,531,710,37,73,column
334,10.1.1.120.1527_4,583,712,36,73,column
335,10.1.1.120.1527_4,637,712,33,72,column
336,10.1.1.1.2071_4,458,710,59,75,column
337,10.1.1.1.2071_4,531,710,37,73,column
338,10.1.1.1.2071_4,583,712,36,73,column
339,10.1.1.1.2071_4,637,712,33,72,column
340,10.1.1.160.611_127,458,710,59,75,column
341,10.1.1.160.611_127,531,710,37,73,column
342,10.1.1.160.611_127,583,712,36,73,column
343,10.1.1.160.611_127,637,712,33,72,column
344,10.1.1.160.500_5,458,710,59,75,column
345,10.1.1.160.500_5,531,710,37,73,column
346,10.1.1.160.500_5,583,712,36,73,column
347,10.1.1.160.500_5,637,712,33,72,column
348,10.1.1.160.563_6,458,710,59,75,column
349,10.1.1.160.563_6,531,710,37,73,column
350,10.1.1.160.563_6,583,712,36,73,column
351,10.1.1.160.563_6,637,712,33,72,column
352,10.1.1.1.2055_4,458,710,59,75,column
353,10.1.1.1.2055_4,531,710,37,73,column
354,10.1.1.1.2055_4,583,712,36,73,column
355,10.1.1.1.2055_4,637,712,33,72,column
356,10.1.1.190.2745_26,458,710,59,75,column
357,10.1.1.190.2745_26,531,710,37,73,column
358,10.1.1.190.2745_26,583,712,36,73,column
359,10.1.1.190.2745_26,637,712,33,72,column
360,10.1.1.160.686_7,458,710,59,75,column
361,10.1.1.160.686_7,531,710,37,73,column
362,10.1.1.160.686_7,583,712,36,73,column
363,10.1.1.160.686_7,637,712,33,72,column
364,10.1.1.8.2178_3,458,710,59,75,column
365,10.1.1.8.2178_3,531,710,37,73,column
366,10.1.1.8.2178_3,583,712,36,73,column
367,10.1.1.8.2178_3,637,712,33,72,column
368,10.1.1.186.1550_5,458,710,59,75,column
369,10.1.1.186.1550_5,531,710,37,73,column
370,10.1.1.186.1550_5,583,712,36,73,column
371,10.1.1.186.1550_5,637,712,33,72,column
372,10.1.1.176.3008_3,458,710,59,75,column
373,10.1.1.176.3008_3,531,710,37,73,column
374,10.1.1.176.3008_3,583,712,36,73,column
375,10.1.1.176.3008_3,637,712,33,72,column
376,10.1.1.6.2355_3,458,710,59,75,column
377,10.1.1.6.2355_3,531,710,37,73,column
378,10.1.1.6.2355_3,583,712,36,73,column
379,10.1.1.6.2355_3,637,712,33,72,column
380,10.1.1.7.2186_34,458,710,59,75,column
381,10.1.1.7.2186_34,531,710,37,73,column
382,10.1.1.7.2186_34,583,712,36,73,column
383,10.1.1.7.2186_34,637,712,33,72,column
384,10.1.1.1.2097_4,458,710,59,75,column
385,10.1.1.1.2097_4,531,710,37,73,column
386,10.1.1.1.2097_4,583,712,36,73,column
387,10.1.1.1.2097_4,637,712,33,72,column
388,10.1.1.6.2255_4,458,710,59,75,column
389,10.1.1.6.2255_4,531,710,37,73,column
390,10.1.1.6.2255_4,583,712,36,73,column
391,10.1.1.6.2255_4,637,712,33,72,column
392,10.1.1.6.2272_17,458,710,59,75,column
393,10.1.1.6.2272_17,531,710,37,73,column
394,10.1.1.6.2272_17,583,712,36,73,column
395,10.1.1.6.2272_17,637,712,33,72,column
396,10.1.1.160.502_5,458,710,59,75,column
397,10.1.1.160.502_5,531,710,37,73,column
398,10.1.1.160.502_5,583,712,36,73,column
399,10.1.1.160.502_5,637,712,33,72,column
400,10.1.1.6.2314_5,458,710,59,75,column
401,10.1.1.6.2314_5,531,710,37,73,column
402,10.1.1.6.2314_5,583,712,36,73,column
403,10.1.1.6.2314_5,637,712,33,72,column
404,10.1.1.160.581_3,458,710,59,75,column
405,10.1.1.160.581_3,531,710,37,73,column
406,10.1.1.160.581_3,583,712,36,73,column
407,10.1.1.160.581_3,637,712,33,72,column
408,10.1.1.160.660_6,458,710,59,75,column
409,10.1.1.160.660_6,531,710,37,73,column
410,10.1.1.160.660_6,583,712,36,73,column
411,10.1.1.160.660_6,637,712,33,72,column
412,10.1.1.120.1507_12,458,710,59,75,column
413,10.1.1.120.1507_12,531,710,37,73,column
414,10.1.1.120.1507_12,583,712,36,73,column
415,10.1.1.120.1507_12,637,712,33,72,column
416,10.1.1.20.2120_8,458,710,59,75,column
417,10.1.1.20.2120_8,531,710,37,73,column
418,10.1.1.20.2120_8,583,712,36,73,column
419,10.1.1.20.2120_8,637,712,33,72,column
420,10.1.1.1.2071_7,458,710,59,75,column
421,10.1.1.1.2071_7,531,710,37,73,column
422,10.1.1.1.2071_7,583,712,36,73,column
423,10.1.1.1.2071_7,637,712,33,72,column
424,10.1.1.6.2318_8,458,710,59,75,column
425,10.1.1.6.2318_8,531,710,37,73,column
426,10.1.1.6.2318_8,583,712,36,73,column
427,10.1.1.6.2318_8,637,712,33,72,column
428,10.1.1.1.2013_64,458,710,59,75,column
429,10.1.1.1.2013_64,531,710,37,73,column
430,10.1.1.1.2013_64,583,712,36,73,column
431,10.1.1.1.2013_64,637,712,33,72,column
432,10.1.1.100.2006_8,458,710,59,75,column
433,10.1.1.100.2006_8,531,710,37,73,column
434,10.1.1.100.2006_8,583,712,36,73,column
435,10.1.1.100.2006_8,637,712,33,72,column
436,10.1.1.1.2057_5,458,710,59,75,column
437,10.1.1.1.2057_5,531,710,37,73,column
438,10.1.1.1.2057_5,583,712,36,73,column
439,10.1.1.1.2057_5,637,712,33,72,column
440,10.1.1.8.2131_13,458,710,59,75,column
441,10.1.1.8.2131_13,531,710,37,73,column
442,10.1.1.8.2131_13,583,712,36,73,column
443,10.1.1.8.2131_13,637,712,33,72,column
444,10.1.1.55.1001_15,458,710,59,75,column
445,10.1.1.55.1001_15,531,710,37,73,column
446,10.1.1.55.1001_15,583,712,36,73,column
447,10.1.1.55.1001_15,637,712,33,72,column
448,10.1.1.160.659_3,458,710,59,75,column
449,10.1.1.160.659_3,531,710,37,73,column
450,10.1.1.160.659_3,583,712,36,73,column
451,10.1.1.160.659_3,637,712,33,72,column
452,10.1.1.6.2281_15,458,710,59,75,column
453,10.1.1.6.2281_15,531,710,37,73,column
454,10.1.1.6.2281_15,583,712,36,73,column
455,10.1.1.6.2281_15,637,712,33,72,column
456,10.1.1.170.1002_26,458,710,59,75,column
457,10.1.1.170.1002_26,531,710,37,73,column
458,10.1.1.170.1002_26,583,712,36,73,column
459,10.1.1.170.1002_26,637,712,33,72,column
460,10.1.1.160.539_2,458,710,59,75,column
461,10.1.1.160.539_2,531,710,37,73,column
462,10.1.1.160.539_2,583,712,36,73,column
463,10.1.1.160.539_2,637,712,33,72,column
464,10.1.1.193.1816_4,458,710,59,75,column
465,10.1.1.193.1816_4,531,710,37,73,column
466,10.1.1.193.1816_4,583,712,36,73,column
467,10.1.1.193.1816_4,637,712,33,72,column
468,10.1.1.1.2129_6,458,710,59,75,column
469,10.1.1.1.2129_6,531,710,37,73,column
470,10.1.1.1.2129_6,583,712,36,73,column
471,10.1.1.1.2129_6,637,712,33,72,column
472,10.1.1.180.553_10,458,710,59,75,column
473,10.1.1.180.553_10,531,710,37,73,column
474,10.1.1.180.553_10,583,712,36,73,column
475,10.1.1.180.553_10,637,712,33,72,column
476,10.1.1.6.2255_5,458,710,59,75,column
477,10.1.1.6.2255_5,531,710,37,73,column
478,10.1.1.6.2255_5,583,712,36,73,column
479,10.1.1.6.2255_5,637,712,33,72,column
480,10.1.1.160.615_25,458,710,59,75,column
481,10.1.1.160.615_25,531,710,37,73,column
482,10.1.1.160.615_25,583,712,36,73,column
483,10.1.1.160.615_25,637,712,33,72,column
484,10.1.1.48.1004_6,458,710,59,75,column
485,10.1.1.48.1004_6,531,710,37,73,column
486,10.1.1.48.1004_6,583,712,36,73,column
487,10.1.1.48.1004_6,637,712,33,72,column
488,10.1.1.186.1550_6,458,710,59,75,column
489,10.1.1.186.1550_6,531,710,37,73,column
490,10.1.1.186.1550_6,583,712,36,73,column
491,10.1.1.186.1550_6,637,712,33,72,column
492,10.1.1.8.2180_3,458,710,59,75,column
493,10.1.1.8.2180_3,531,710,37,73,column
494,10.1.1.8.2180_3,583,712,36,73,column
495,10.1.1.8.2180_3,637,712,33,72,column
496,10.1.1.185.1562_88,458,710,59,75,column
497,10.1.1.185.1562_88,531,710,37,73,column
498,10.1.1.185.1562_88,583,712,36,73,column
499,10.1.1.185.1562_88,637,712,33,72,column
500,10.1.1.8.2160_6,458,710,59,75,column
501,10.1.1.8.2160_6,531,710,37,73,column
502,10.1.1.8.2160_6,583,712,36,73,column
503,10.1.1.8.2160_6,637,712,33,72,column
504,10.1.1.8.2176_75,458,710,59,75,column
505,10.1.1.8.2176_75,531,710,37,73,column
506,10.1.1.8.2176_75,583,712,36,73,column
507,10.1.1.8.2176_75,637,712,33,72,column
508,10.1.1.160.681_5,458,710,59,75,column
509,10.1.1.160.681_5,531,710,37,73,column
510,10.1.1.160.681_5,583,712,36,73,column
511,10.1.1.160.681_5,637,712,33,72,column
512,10.1.1.100.2013_24,458,710,59,75,column
513,10.1.1.100.2013_24,531,710,37,73,column
514,10.1.1.100.2013_24,583,712,36,73,column
515,10.1.1.100.2013_24,637,712,33,72,column
516,10.1.1.1.2135_4,458,710,59,75,column
517,10.1.1.1.2135_4,531,710,37,73,column
518,10.1.1.1.2135_4,583,712,36,73,column
519,10.1.1.1.2135_4,637,712,33,72,column
520,10.1.1.160.507_11,458,710,59,75,column
521,10.1.1.160.507_11,531,710,37,73,column
522,10.1.1.160.507_11,583,712,36,73,column
523,10.1.1.160.507_11,637,712,33,72,column
524,10.1.1.120.1504_6,458,710,59,75,column
525,10.1.1.120.1504_6,531,710,37,73,column
526,10.1.1.120.1504_6,583,712,36,73,column
527,10.1.1.120.1504_6,637,712,33,72,column
528,10.1.1.101.295_9,458,710,59,75,column
529,10.1.1.101.295_9,531,710,37,73,column
530,10.1.1.101.295_9,583,712,36,73,column
531,10.1.1.101.295_9,637,712,33,72,column
532,10.1.1.8.2179_7,458,710,59,75,column
533,10.1.1.8.2179_7,531,710,37,73,column
534,10.1.1.8.2179_7,583,712,36,73,column
535,10.1.1.8.2179_7,637,712,33,72,column
536,10.1.1.7.2115_14,458,710,59,75,column
537,10.1.1.7.2115_14,531,710,37,73,column
538,10.1.1.7.2115_14,583,712,36,73,column
539,10.1.1.7.2115_14,637,712,33,72,column
540,10.1.1.177.3004_6,458,710,59,75,column
541,10.1.1.177.3004_6,531,710,37,73,column
542,10.1.1.177.3004_6,583,712,36,73,column
543,10.1.1.177.3004_6,637,712,33,72,column
544,10.1.1.190.2749_167,458,710,59,75,column
545,10.1.1.190.2749_167,531,710,37,73,column
546,10.1.1.190.2749_167,583,712,36,73,column
547,10.1.1.190.2749_167,637,712,33,72,column
548,10.1.1.160.651_12,458,710,59,75,column
549,10.1.1.160.651_12,531,710,37,73,column
550,10.1.1.160.651_12,583,712,36,73,column
551,10.1.1.160.651_12,637,712,33,72,column
552,10.1.1.120.1607_4,458,710,59,75,column
553,10.1.1.120.1607_4,531,710,37,73,column
554,10.1.1.120.1607_4,583,712,36,73,column
555,10.1.1.120.1607_4,637,712,33,72,column
556,10.1.1.1.2048_12,458,710,59,75,column
557,10.1.1.1.2048_12,531,710,37,73,column
558,10.1.1.1.2048_12,583,712,36,73,column
559,10.1.1.1.2048_12,637,712,33,72,column
560,10.1.1.185.1552_16,458,710,59,75,column
561,10.1.1.185.1552_16,531,710,37,73,column
562,10.1.1.185.1552_16,583,712,36,73,column
563,10.1.1.185.1552_16,637,712,33,72,column
564,10.1.1.193.1812_21,458,710,59,75,column
565,10.1.1.193.1812_21,531,710,37,73,column
566,10.1.1.193.1812_21,583,712,36,73,column
567,10.1.1.193.1812_21,637,712,33,72,column
568,10.1.1.8.2121_3,458,710,59,75,column
569,10.1.1.8.2121_3,531,710,37,73,column
570,10.1.1.8.2121_3,583,712,36,73,column
571,10.1.1.8.2121_3,637,712,33,72,column
572,10.1.1.160.507_10,458,710,59,75,column
573,10.1.1.160.507_10,531,710,37,73,column
574,10.1.1.160.507_10,583,712,36,73,column
575,10.1.1.160.507_10,637,712,33,72,column
576,10.1.1.177.3006_5,458,710,59,75,column
577,10.1.1.177.3006_5,531,710,37,73,column
578,10.1.1.177.3006_5,583,712,36,73,column
579,10.1.1.177.3006_5,637,712,33,72,column
580,10.1.1.6.2299_12,458,710,59,75,column
581,10.1.1.6.2299_12,531,710,37,73,column
582,10.1.1.6.2299_12,583,712,36,73,column
583,10.1.1.6.2299_12,637,712,33,72,column
584,10.1.1.6.2376_1,458,710,59,75,column
585,10.1.1.6.2376_1,531,710,37,73,column
586,10.1.1.6.2376_1,583,712,36,73,column
587,10.1.1.6.2376_1,637,712,33,72,column
588,10.1.1.6.2188_6,458,710,59,75,column
589,10.1.1.6.2188_6,531,710,37,73,column
590,10.1.1.6.2188_6,583,712,36,73,column
591,10.1.1.6.2188_6,637,712,33,72,column
592,10.1.1.193.1808_5,458,710,59,75,column
593,10.1.1.193.1808_5,531,710,37,73,column
594,10.1.1.193.1808_5,583,712,36,73,column
595,10.1.1.193.1808_5,637,712,33,72,column
596,10.1.1.8.2160_5,458,710,59,75,column
597,10.1.1.8.2160_5,531,710,37,73,column
598,10.1.1.8.2160_5,583,712,36,73,column
599,10.1.1.8.2160_5,637,712,33,72,column
600,10.1.1.6.2197_3,458,710,59,75,column
601,10.1.1.6.2197_3,531,710,37,73,column
602,10.1.1.6.2197_3,583,712,36,73,column
603,10.1.1.6.2197_3,637,712,33,72,column
604,10.1.1.10.3210_7,458,710,59,75,column
605,10.1.1.10.3210_7,531,710,37,73,column
606,10.1.1.10.3210_7,583,712,36,73,column
607,10.1.1.10.3210_7,637,712,33,72,column
608,10.1.1.1.2111_6,458,710,59,75,column
609,10.1.1.1.2111_6,531,710,37,73,column
610,10.1.1.1.2111_6,583,712,36,73,column
611,10.1.1.1.2111_6,637,712,33,72,column
612,10.1.1.1.2035_2,458,710,59,75,column
613,10.1.1.1.2035_2,531,710,37,73,column
614,10.1.1.1.2035_2,583,712,36,73,column
615,10.1.1.1.2035_2,637,712,33,72,column
616,10.1.1.160.560_3,458,710,59,75,column
617,10.1.1.160.560_3,531,710,37,73,column
618,10.1.1.160.560_3,583,712,36,73,column
619,10.1.1.160.560_3,637,712,33,72,column
620,10.1.1.160.509_17,458,710,59,75,column
621,10.1.1.160.509_17,531,710,37,73,column
622,10.1.1.160.509_17,583,712,36,73,column
623,10.1.1.160.509_17,637,712,33,72,column
624,10.1.1.7.2187_11,458,710,59,75,column
625,10.1.1.7.2187_11,531,710,37,73,column
626,10.1.1.7.2187_11,583,712,36,73,column
627,10.1.1.7.2187_11,637,712,33,72,column
628,10.1.1.176.3008_16,458,710,59,75,column
629,10.1.1.176.3008_16,531,710,37,73,column
630,10.1.1.176.3008_16,583,712,36,73,column
631,10.1.1.176.3008_16,637,712,33,72,column
632,10.1.1.36.7389_27,458,710,59,75,column
633,10.1.1.36.7389_27,531,710,37,73,column
634,10.1.1.36.7389_27,583,712,36,73,column
635,10.1.1.36.7389_27,637,712,33,72,column
636,10.1.1.1.2094_3,458,710,59,75,column
637,10.1.1.1.2094_3,531,710,37,73,column
638,10.1.1.1.2094_3,583,712,36,73,column
639,10.1.1.1.2094_3,637,712,33,72,column
640,10.1.1.160.510_36,458,710,59,75,column
641,10.1.1.160.510_36,531,710,37,73,column
642,10.1.1.160.510_36,583,712,36,73,column
643,10.1.1.160.510_36,637,712,33,72,column
644,10.1.1.190.2746_10,458,710,59,75,column
645,10.1.1.190.2746_10,531,710,37,73,column
646,10.1.1.190.2746_10,583,712,36,73,column
647,10.1.1.190.2746_10,637,712,33,72,column
648,10.1.1.190.2741_19,458,710,59,75,column
649,10.1.1.190.2741_19,531,710,37,73,column
650,10.1.1.190.2741_19,583,712,36,73,column
651,10.1.1.190.2741_19,637,712,33,72,column
652,10.1.1.160.538_23,458,710,59,75,column
653,10.1.1.160.538_23,531,710,37,73,column
654,10.1.1.160.538_23,583,712,36,73,column
655,10.1.1.160.538_23,637,712,33,72,column
656,10.1.1.160.531_12,458,710,59,75,column
657,10.1.1.160.531_12,531,710,37,73,column
658,10.1.1.160.531_12,583,712,36,73,column
659,10.1.1.160.531_12,637,712,33,72,column
660,10.1.1.33.6412_13,458,710,59,75,column
661,10.1.1.33.6412_13,531,710,37,73,column
662,10.1.1.33.6412_13,583,712,36,73,column
663,10.1.1.33.6412_13,637,712,33,72,column
664,10.1.1.6.2367_46,458,710,59,75,column
665,10.1.1.6.2367_46,531,710,37,73,column
666,10.1.1.6.2367_46,583,712,36,73,column
667,10.1.1.6.2367_46,637,712,33,72,column
668,10.1.1.33.1506_16,458,710,59,75,column
669,10.1.1.33.1506_16,531,710,37,73,column
670,10.1.1.33.1506_16,583,712,36,73,column
671,10.1.1.33.1506_16,637,712,33,72,column
672,10.1.1.180.557_4,458,710,59,75,column
673,10.1.1.180.557_4,531,710,37,73,column
674,10.1.1.180.557_4,583,712,36,73,column
675,10.1.1.180.557_4,637,712,33,72,column
676,10.1.1.177.3006_6,458,710,59,75,column
677,10.1.1.177.3006_6,531,710,37,73,column
678,10.1.1.177.3006_6,583,712,36,73,column
679,10.1.1.177.3006_6,637,712,33,72,column
680,10.1.1.8.2114_9,458,710,59,75,column
681,10.1.1.8.2114_9,531,710,37,73,column
682,10.1.1.8.2114_9,583,712,36,73,column
683,10.1.1.8.2114_9,637,712,33,72,column
684,10.1.1.33.152_5,458,710,59,75,column
685,10.1.1.33.152_5,531,710,37,73,column
686,10.1.1.33.152_5,583,712,36,73,column
687,10.1.1.33.152_5,637,712,33,72,column
688,10.1.1.175.3005_18,458,710,59,75,column
689,10.1.1.175.3005_18,531,710,37,73,column
690,10.1.1.175.3005_18,583,712,36,73,column
691,10.1.1.175.3005_18,637,712,33,72,column
692,10.1.1.1.2111_7,458,710,59,75,column
693,10.1.1.1.2111_7,531,710,37,73,column
694,10.1.1.1.2111_7,583,712,36,73,column
695,10.1.1.1.2111_7,637,712,33,72,column
696,10.1.1.160.708_11,458,710,59,75,column
697,10.1.1.160.708_11,531,710,37,73,column
698,10.1.1.160.708_11,583,712,36,73,column
699,10.1.1.160.708_11,637,712,33,72,column
700,10.1.1.180.559_28,458,710,59,75,column
701,10.1.1.180.559_28,531,710,37,73,column
702,10.1.1.180.559_28,583,712,36,73,column
703,10.1.1.180.559_28,637,712,33,72,column
704,10.1.1.31.8667_7,458,710,59,75,column
705,10.1.1.31.8667_7,531,710,37,73,column
706,10.1.1.31.8667_7,583,712,36,73,column
707,10.1.1.31.8667_7,637,712,33,72,column
708,10.1.1.193.1817_16,458,710,59,75,column
709,10.1.1.193.1817_16,531,710,37,73,column
710,10.1.1.193.1817_16,583,712,36,73,column
711,10.1.1.193.1817_16,637,712,33,72,column
712,10.1.1.160.503_5,458,710,59,75,column
713,10.1.1.160.503_5,531,710,37,73,column
714,10.1.1.160.503_5,583,712,36,73,column
715,10.1.1.160.503_5,637,712,33,72,column
716,10.1.1.33.8442_11,458,710,59,75,column
717,10.1.1.33.8442_11,531,710,37,73,column
718,10.1.1.33.8442_11,583,712,36,73,column
719,10.1.1.33.8442_11,637,712,33,72,column
720,10.1.1.100.2013_22,458,710,59,75,column
721,10.1.1.100.2013_22,531,710,37,73,column
722,10.1.1.100.2013_22,583,712,36,73,column
723,10.1.1.100.2013_22,637,712,33,72,column
724,10.1.1.100.2030_2,458,710,59,75,column
725,10.1.1.100.2030_2,531,710,37,73,column
726,10.1.1.100.2030_2,583,712,36,73,column
727,10.1.1.100.2030_2,637,712,33,72,column
728,10.1.1.6.2297_10,458,710,59,75,column
729,10.1.1.6.2297_10,531,710,37,73,column
730,10.1.1.6.2297_10,583,712,36,73,column
731,10.1.1.6.2297_10,637,712,33,72,column
732,10.1.1.8.2121_4,458,710,59,75,column
733,10.1.1.8.2121_4,531,710,37,73,column
734,10.1.1.8.2121_4,583,712,36,73,column
735,10.1.1.8.2121_4,637,712,33,72,column
736,10.1.1.8.2176_133,458,710,59,75,column
737,10.1.1.8.2176_133,531,710,37,73,column
738,10.1.1.8.2176_133,583,712,36,73,column
739,10.1.1.8.2176_133,637,712,33,72,column
740,10.1.1.1.2089_3,458,710,59,75,column
741,10.1.1.1.2089_3,531,710,37,73,column
742,10.1.1.1.2089_3,583,712,36,73,column
743,10.1.1.1.2089_3,637,712,33,72,column
744,10.1.1.193.1811_3,458,710,59,75,column
745,10.1.1.193.1811_3,531,710,37,73,column
746,10.1.1.193.1811_3,583,712,36,73,column
747,10.1.1.193.1811_3,637,712,33,72,column
748,10.1.1.160.652_9,458,710,59,75,column
749,10.1.1.160.652_9,531,710,37,73,column
750,10.1.1.160.652_9,583,712,36,73,column
751,10.1.1.160.652_9,637,712,33,72,column
752,10.1.1.120.1546_12,458,710,59,75,column
753,10.1.1.120.1546_12,531,710,37,73,column
754,10.1.1.120.1546_12,583,712,36,73,column
755,10.1.1.120.1546_12,637,712,33,72,column
756,10.1.1.7.2183_6,458,710,59,75,column
757,10.1.1.7.2183_6,531,710,37,73,column
758,10.1.1.7.2183_6,583,712,36,73,column
759,10.1.1.7.2183_6,637,712,33,72,column
760,10.1.1.190.2741_20,458,710,59,75,column
761,10.1.1.190.2741_20,531,710,37,73,column
762,10.1.1.190.2741_20,583,712,36,73,column
763,10.1.1.190.2741_20,637,712,33,72,column
764,10.1.1.1.2048_29,458,710,59,75,column
765,10.1.1.1.2048_29,531,710,37,73,column
766,10.1.1.1.2048_29,583,712,36,73,column
767,10.1.1.1.2048_29,637,712,33,72,column
768,10.1.1.190.1802_6,458,710,59,75,column
769,10.1.1.190.1802_6,531,710,37,73,column
770,10.1.1.190.1802_6,583,712,36,73,column
771,10.1.1.190.1802_6,637,712,33,72,column
772,10.1.1.120.1607_3,458,710,59,75,column
773,10.1.1.120.1607_3,531,710,37,73,column
774,10.1.1.120.1607_3,583,712,36,73,column
775,10.1.1.120.1607_3,637,712,33,72,column
776,10.1.1.7.2115_13,458,710,59,75,column
777,10.1.1.7.2115_13,531,710,37,73,column
778,10.1.1.7.2115_13,583,712,36,73,column
779,10.1.1.7.2115_13,637,712,33,72,column
780,10.1.1.6.2372_3,458,710,59,75,column
781,10.1.1.6.2372_3,531,710,37,73,column
782,10.1.1.6.2372_3,583,712,36,73,column
783,10.1.1.6.2372_3,637,712,33,72,column
784,10.1.1.160.669_11,458,710,59,75,column
785,10.1.1.160.669_11,531,710,37,73,column
786,10.1.1.160.669_11,583,712,36,73,column
787,10.1.1.160.669_11,637,712,33,72,column
788,10.1.1.7.2189_10,458,710,59,75,column
789,10.1.1.7.2189_10,531,710,37,73,column
790,10.1.1.7.2189_10,583,712,36,73,column
791,10.1.1.7.2189_10,637,712,33,72,column
792,10.1.1.160.661_7,458,710,59,75,column
793,10.1.1.160.661_7,531,710,37,73,column
794,10.1.1.160.661_7,583,712,36,73,column
795,10.1.1.160.661_7,637,712,33,72,column
796,10.1.1.1.2072_4,458,710,59,75,column
797,10.1.1.1.2072_4,531,710,37,73,column
798,10.1.1.1.2072_4,583,712,36,73,column
799,10.1.1.1.2072_4,637,712,33,72,column
800,10.1.1.185.1566_14,458,710,59,75,column
801,10.1.1.185.1566_14,531,710,37,73,column
802,10.1.1.185.1566_14,583,712,36,73,column
803,10.1.1.185.1566_14,637,712,33,72,column
804,10.1.1.8.2182_6,458,710,59,75,column
805,10.1.1.8.2182_6,531,710,37,73,column
806,10.1.1.8.2182_6,583,712,36,73,column
807,10.1.1.8.2182_6,637,712,33,72,column
808,10.1.1.160.630_10,458,710,59,75,column
809,10.1.1.160.630_10,531,710,37,73,column
810,10.1.1.160.630_10,583,712,36,73,column
811,10.1.1.160.630_10,637,712,33,72,column
812,10.1.1.33.8442_10,458,710,59,75,column
813,10.1.1.33.8442_10,531,710,37,73,column
814,10.1.1.33.8442_10,583,712,36,73,column
815,10.1.1.33.8442_10,637,712,33,72,column
816,10.1.1.13.2943_5,458,710,59,75,column
817,10.1.1.13.2943_5,531,710,37,73,column
818,10.1.1.13.2943_5,583,712,36,73,column
819,10.1.1.13.2943_5,637,712,33,72,column
820,10.1.1.6.2331_7,458,710,59,75,column
821,10.1.1.6.2331_7,531,710,37,73,column
822,10.1.1.6.2331_7,583,712,36,73,column
823,10.1.1.6.2331_7,637,712,33,72,column
824,10.1.1.175.3003_7,458,710,59,75,column
825,10.1.1.175.3003_7,531,710,37,73,column
826,10.1.1.175.3003_7,583,712,36,73,column
827,10.1.1.175.3003_7,637,712,33,72,column
828,10.1.1.1.2035_4,458,710,59,75,column
829,10.1.1.1.2035_4,531,710,37,73,column
830,10.1.1.1.2035_4,583,712,36,73,column
831,10.1.1.1.2035_4,637,712,33,72,column
832,10.1.1.160.653_12,458,710,59,75,column
833,10.1.1.160.653_12,531,710,37,73,column
834,10.1.1.160.653_12,583,712,36,73,column
835,10.1.1.160.653_12,637,712,33,72,column
836,10.1.1.160.630_12,458,710,59,75,column
837,10.1.1.160.630_12,531,710,37,73,column
838,10.1.1.160.630_12,583,712,36,73,column
839,10.1.1.160.630_12,637,712,33,72,column
840,10.1.1.1.2054_5,458,710,59,75,column
841,10.1.1.1.2054_5,531,710,37,73,column
842,10.1.1.1.2054_5,583,712,36,73,column
843,10.1.1.1.2054_5,637,712,33,72,column
844,10.1.1.1.2084_18,458,710,59,75,column
845,10.1.1.1.2084_18,531,710,37,73,column
846,10.1.1.1.2084_18,583,712,36,73,column
847,10.1.1.1.2084_18,637,712,33,72,column
848,10.1.1.7.2158_6,458,710,59,75,column
849,10.1.1.7.2158_6,531,710,37,73,column
850,10.1.1.7.2158_6,583,712,36,73,column
851,10.1.1.7.2158_6,637,712,33,72,column
852,10.1.1.177.3001_114,458,710,59,75,column
853,10.1.1.177.3001_114,531,710,37,73,column
854,10.1.1.177.3001_114,583,712,36,73,column
855,10.1.1.177.3001_114,637,712,33,72,column
856,10.1.1.6.2336_18,458,710,59,75,column
857,10.1.1.6.2336_18,531,710,37,73,column
858,10.1.1.6.2336_18,583,712,36,73,column
859,10.1.1.6.2336_18,637,712,33,72,column
860,10.1.1.8.2123_5,458,710,59,75,column
861,10.1.1.8.2123_5,531,710,37,73,column
862,10.1.1.8.2123_5,583,712,36,73,column
863,10.1.1.8.2123_5,637,712,33,72,column
864,10.1.1.1.2020_8,458,710,59,75,column
865,10.1.1.1.2020_8,531,710,37,73,column
866,10.1.1.1.2020_8,583,712,36,73,column
867,10.1.1.1.2020_8,637,712,33,72,column
868,10.1.1.160.665_1,458,710,59,75,column
869,10.1.1.160.665_1,531,710,37,73,column
870,10.1.1.160.665_1,583,712,36,73,column
871,10.1.1.160.665_1,637,712,33,72,column
872,10.1.1.193.1812_24,458,710,59,75,column
873,10.1.1.193.1812_24,531,710,37,73,column
874,10.1.1.193.1812_24,583,712,36,73,column
875,10.1.1.193.1812_24,637,712,33,72,column
876,10.1.1.120.1546_10,458,710,59,75,column
877,10.1.1.120.1546_10,531,710,37,73,column
878,10.1.1.120.1546_10,583,712,36,73,column
879,10.1.1.120.1546_10,637,712,33,72,column
880,10.1.1.1.2150_5,458,710,59,75,column
881,10.1.1.1.2150_5,531,710,37,73,column
882,10.1.1.1.2150_5,583,712,36,73,column
883,10.1.1.1.2150_5,637,712,33,72,column
884,10.1.1.160.609_43,458,710,59,75,column
885,10.1.1.160.609_43,531,710,37,73,column
886,10.1.1.160.609_43,583,712,36,73,column
887,10.1.1.160.609_43,637,712,33,72,column
888,10.1.1.6.2336_19,458,710,59,75,column
889,10.1.1.6.2336_19,531,710,37,73,column
890,10.1.1.6.2336_19,583,712,36,73,column
891,10.1.1.6.2336_19,637,712,33,72,column
892,10.1.1.185.1566_17,458,710,59,75,column
893,10.1.1.185.1566_17,531,710,37,73,column
894,10.1.1.185.1566_17,583,712,36,73,column
895,10.1.1.185.1566_17,637,712,33,72,column
896,10.1.1.1.2100_9,458,710,59,75,column
897,10.1.1.1.2100_9,531,710,37,73,column
898,10.1.1.1.2100_9,583,712,36,73,column
899,10.1.1.1.2100_9,637,712,33,72,column
900,10.1.1.6.2208_7,458,710,59,75,column
901,10.1.1.6.2208_7,531,710,37,73,column
902,10.1.1.6.2208_7,583,712,36,73,column
903,10.1.1.6.2208_7,637,712,33,72,column
904,10.1.1.190.1819_6,458,710,59,75,column
905,10.1.1.190.1819_6,531,710,37,73,column
906,10.1.1.190.1819_6,583,712,36,73,column
907,10.1.1.190.1819_6,637,712,33,72,column
908,10.1.1.6.2352_5,458,710,59,75,column
909,10.1.1.6.2352_5,531,710,37,73,column
910,10.1.1.6.2352_5,583,712,36,73,column
911,10.1.1.6.2352_5,637,712,33,72,column
912,10.1.1.6.2374_6,458,710,59,75,column
913,10.1.1.6.2374_6,531,710,37,73,column
914,10.1.1.6.2374_6,583,712,36,73,column
915,10.1.1.6.2374_6,637,712,33,72,column
916,10.1.1.6.2331_6,458,710,59,75,column
917,10.1.1.6.2331_6,531,710,37,73,column
918,10.1.1.6.2331_6,583,712,36,73,column
919,10.1.1.6.2331_6,637,712,33,72,column
920,10.1.1.192.1811_16,458,710,59,75,column
921,10.1.1.192.1811_16,531,710,37,73,column
922,10.1.1.192.1811_16,583,712,36,73,column
923,10.1.1.192.1811_16,637,712,33,72,column
924,10.1.1.34.3224_4,458,710,59,75,column
925,10.1.1.34.3224_4,531,710,37,73,column
926,10.1.1.34.3224_4,583,712,36,73,column
927,10.1.1.34.3224_4,637,712,33,72,column
928,10.1.1.178.3004_13,458,710,59,75,column
929,10.1.1.178.3004_13,531,710,37,73,column
930,10.1.1.178.3004_13,583,712,36,73,column
931,10.1.1.178.3004_13,637,712,33,72,column
932,10.1.1.6.2199_6,458,710,59,75,column
933,10.1.1.6.2199_6,531,710,37,73,column
934,10.1.1.6.2199_6,583,712,36,73,column
935,10.1.1.6.2199_6,637,712,33,72,column
936,10.1.1.11.831_7,458,710,59,75,column
937,10.1.1.11.831_7,531,710,37,73,column
938,10.1.1.11.831_7,583,712,36,73,column
939,10.1.1.11.831_7,637,712,33,72,column
940,10.1.1.6.2280_13,458,710,59,75,column
941,10.1.1.6.2280_13,531,710,37,73,column
942,10.1.1.6.2280_13,583,712,36,73,column
943,10.1.1.6.2280_13,637,712,33,72,column
944,10.1.1.7.2164_21,458,710,59,75,column
945,10.1.1.7.2164_21,531,710,37,73,column
946,10.1.1.7.2164_21,583,712,36,73,column
947,10.1.1.7.2164_21,637,712,33,72,column
948,10.1.1.8.2165_14,458,710,59,75,column
949,10.1.1.8.2165_14,531,710,37,73,column
950,10.1.1.8.2165_14,583,712,36,73,column
951,10.1.1.8.2165_14,637,712,33,72,column
952,10.1.1.160.516_6,458,710,59,75,column
953,10.1.1.160.516_6,531,710,37,73,column
954,10.1.1.160.516_6,583,712,36,73,column
955,10.1.1.160.516_6,637,712,33,72,column
956,10.1.1.175.3002_26,458,710,59,75,column
957,10.1.1.175.3002_26,531,710,37,73,column
958,10.1.1.175.3002_26,583,712,36,73,column
959,10.1.1.175.3002_26,637,712,33,72,column
960,10.1.1.185.1563_16,458,710,59,75,column
961,10.1.1.185.1563_16,531,710,37,73,column
962,10.1.1.185.1563_16,583,712,36,73,column
963,10.1.1.185.1563_16,637,712,33,72,column
964,10.1.1.170.1004_7,458,710,59,75,column
965,10.1.1.170.1004_7,531,710,37,73,column
966,10.1.1.170.1004_7,583,712,36,73,column
967,10.1.1.170.1004_7,637,712,33,72,column
968,10.1.1.34.6981_20,458,710,59,75,column
969,10.1.1.34.6981_20,531,710,37,73,column
970,10.1.1.34.6981_20,583,712,36,73,column
971,10.1.1.34.6981_20,637,712,33,72,column
972,10.1.1.31.8667_11,458,710,59,75,column
973,10.1.1.31.8667_11,531,710,37,73,column
974,10.1.1.31.8667_11,583,712,36,73,column
975,10.1.1.31.8667_11,637,712,33,72,column
976,10.1.1.7.2172_4,458,710,59,75,column
977,10.1.1.7.2172_4,531,710,37,73,column
978,10.1.1.7.2172_4,583,712,36,73,column
979,10.1.1.7.2172_4,637,712,33,72,column
980,10.1.1.190.1811_2,458,710,59,75,column
981,10.1.1.190.1811_2,531,710,37,73,column
982,10.1.1.190.1811_2,583,712,36,73,column
983,10.1.1.190.1811_2,637,712,33,72,column
984,10.1.1.160.656_12,458,710,59,75,column
985,10.1.1.160.656_12,531,710,37,73,column
986,10.1.1.160.656_12,583,712,36,73,column
987,10.1.1.160.656_12,637,712,33,72,column
988,10.1.1.160.604_33,458,710,59,75,column
989,10.1.1.160.604_33,531,710,37,73,column
990,10.1.1.160.604_33,583,712,36,73,column
991,10.1.1.160.604_33,637,712,33,72,column
992,10.1.1.120.1504_11,458,710,59,75,column
993,10.1.1.120.1504_11,531,710,37,73,column
994,10.1.1.120.1504_11,583,712,36,73,column
995,10.1.1.120.1504_11,637,712,33,72,column
996,10.1.1.160.633_6,458,710,59,75,column
997,10.1.1.160.633_6,531,710,37,73,column
998,10.1.1.160.633_6,583,712,36,73,column
999,10.1.1.160.633_6,637,712,33,72,column
1000,10.1.1.6.2321_19,458,710,59,75,column
1001,10.1.1.6.2321_19,531,710,37,73,column
1002,10.1.1.6.2321_19,583,712,36,73,column
1003,10.1.1.6.2321_19,637,712,33,72,column
1004,10.1.1.120.1619_13,458,710,59,75,column
1005,10.1.1.120.1619_13,531,710,37,73,column
1006,10.1.1.120.1619_13,583,712,36,73,column
1007,10.1.1.120.1619_13,637,712,33,72,column
1008,10.1.1.100.302_12,458,710,59,75,column
1009,10.1.1.100.302_12,531,710,37,73,column
1010,10.1.1.100.302_12,583,712,36,73,column
1011,10.1.1.100.302_12,637,712,33,72,column
1012,10.1.1.170.1004_6,458,710,59,75,column
1013,10.1.1.170.1004_6,531,710,37,73,column
1014,10.1.1.170.1004_6,583,712,36,73,column
1015,10.1.1.170.1004_6,637,712,33,72,column
1016,10.1.1.33.5434_2,458,710,59,75,column
1017,10.1.1.33.5434_2,531,710,37,73,column
1018,10.1.1.33.5434_2,583,712,36,73,column
1019,10.1.1.33.5434_2,637,712,33,72,column
1020,10.1.1.160.617_7,458,710,59,75,column
1021,10.1.1.160.617_7,531,710,37,73,column
1022,10.1.1.160.617_7,583,712,36,73,column
1023,10.1.1.160.617_7,637,712,33,72,column
1024,10.1.1.7.2156_4,458,710,59,75,column
1025,10.1.1.7.2156_4,531,710,37,73,column
1026,10.1.1.7.2156_4,583,712,36,73,column
1027,10.1.1.7.2156_4,637,712,33,72,column
1028,10.1.1.8.2198_13,458,710,59,75,column
1029,10.1.1.8.2198_13,531,710,37,73,column
1030,10.1.1.8.2198_13,583,712,36,73,column
1031,10.1.1.8.2198_13,637,712,33,72,column
1032,10.1.1.160.552_18,458,710,59,75,column
1033,10.1.1.160.552_18,531,710,37,73,column
1034,10.1.1.160.552_18,583,712,36,73,column
1035,10.1.1.160.552_18,637,712,33,72,column
1036,10.1.1.6.2312_14,458,710,59,75,column
1037,10.1.1.6.2312_14,531,710,37,73,column
1038,10.1.1.6.2312_14,583,712,36,73,column
1039,10.1.1.6.2312_14,637,712,33,72,column
1040,10.1.1.120.1505_45,458,710,59,75,column
1041,10.1.1.120.1505_45,531,710,37,73,column
1042,10.1.1.120.1505_45,583,712,36,73,column
1043,10.1.1.120.1505_45,637,712,33,72,column
1044,10.1.1.178.3004_12,458,710,59,75,column
1045,10.1.1.178.3004_12,531,710,37,73,column
1046,10.1.1.178.3004_12,583,712,36,73,column
1047,10.1.1.178.3004_12,637,712,33,72,column
1048,10.1.1.160.557_3,458,710,59,75,column
1049,10.1.1.160.557_3,531,710,37,73,column
1050,10.1.1.160.557_3,583,712,36,73,column
1051,10.1.1.160.557_3,637,712,33,72,column
1052,10.1.1.7.2169_6,458,710,59,75,column
1053,10.1.1.7.2169_6,531,710,37,73,column
1054,10.1.1.7.2169_6,583,712,36,73,column
1055,10.1.1.7.2169_6,637,712,33,72,column
1056,10.1.1.34.3224_7,458,710,59,75,column
1057,10.1.1.34.3224_7,531,710,37,73,column
1058,10.1.1.34.3224_7,583,712,36,73,column
1059,10.1.1.34.3224_7,637,712,33,72,column
1060,10.1.1.192.1805_60,458,710,59,75,column
1061,10.1.1.192.1805_60,531,710,37,73,column
1062,10.1.1.192.1805_60,583,712,36,73,column
1063,10.1.1.192.1805_60,637,712,33,72,column
1064,10.1.1.8.2155_5,458,710,59,75,column
1065,10.1.1.8.2155_5,531,710,37,73,column
1066,10.1.1.8.2155_5,583,712,36,73,column
1067,10.1.1.8.2155_5,637,712,33,72,column
1068,10.1.1.7.2119_22,458,710,59,75,column
1069,10.1.1.7.2119_22,531,710,37,73,column
1070,10.1.1.7.2119_22,583,712,36,73,column
1071,10.1.1.7.2119_22,637,712,33,72,column
1072,10.1.1.1.2806_2,458,710,59,75,column
1073,10.1.1.1.2806_2,531,710,37,73,column
1074,10.1.1.1.2806_2,583,712,36,73,column
1075,10.1.1.1.2806_2,637,712,33,72,column
1076,10.1.1.1.2024_3,458,710,59,75,column
1077,10.1.1.1.2024_3,531,710,37,73,column
1078,10.1.1.1.2024_3,583,712,36,73,column
1079,10.1.1.1.2024_3,637,712,33,72,column
1080,10.1.1.6.2249_12,458,710,59,75,column
1081,10.1.1.6.2249_12,531,710,37,73,column
1082,10.1.1.6.2249_12,583,712,36,73,column
1083,10.1.1.6.2249_12,637,712,33,72,column
1084,10.1.1.1.2019_3,458,710,59,75,column
1085,10.1.1.1.2019_3,531,710,37,73,column
1086,10.1.1.1.2019_3,583,712,36,73,column
1087,10.1.1.1.2019_3,637,712,33,72,column
1088,10.1.1.177.3007_20,458,710,59,75,column
1089,10.1.1.177.3007_20,531,710,37,73,column
1090,10.1.1.177.3007_20,583,712,36,73,column
1091,10.1.1.177.3007_20,637,712,33,72,column
1092,10.1.1.8.2198_11,458,710,59,75,column
1093,10.1.1.8.2198_11,531,710,37,73,column
1094,10.1.1.8.2198_11,583,712,36,73,column
1095,10.1.1.8.2198_11,637,712,33,72,column
1096,10.1.1.49.1004_7,458,710,59,75,column
1097,10.1.1.49.1004_7,531,710,37,73,column
1098,10.1.1.49.1004_7,583,712,36,73,column
1099,10.1.1.49.1004_7,637,712,33,72,column
1100,10.1.1.100.302_10,458,710,59,75,column
1101,10.1.1.100.302_10,531,710,37,73,column
1102,10.1.1.100.302_10,583,712,36,73,column
1103,10.1.1.100.302_10,637,712,33,72,column
1104,10.1.1.120.1619_11,458,710,59,75,column
1105,10.1.1.120.1619_11,531,710,37,73,column
1106,10.1.1.120.1619_11,583,712,36,73,column
1107,10.1.1.120.1619_11,637,712,33,72,column
1108,10.1.1.1.2032_10,458,710,59,75,column
1109,10.1.1.1.2032_10,531,710,37,73,column
1110,10.1.1.1.2032_10,583,712,36,73,column
1111,10.1.1.1.2032_10,637,712,33,72,column
1112,10.1.1.36.2833_19,458,710,59,75,column
1113,10.1.1.36.2833_19,531,710,37,73,column
1114,10.1.1.36.2833_19,583,712,36,73,column
1115,10.1.1.36.2833_19,637,712,33,72,column
1116,10.1.1.120.1614_4,458,710,59,75,column
1117,10.1.1.120.1614_4,531,710,37,73,column
1118,10.1.1.120.1614_4,583,712,36,73,column
1119,10.1.1.120.1614_4,637,712,33,72,column
1120,10.1.1.1.2043_4,458,710,59,75,column
1121,10.1.1.1.2043_4,531,710,37,73,column
1122,10.1.1.1.2043_4,583,712,36,73,column
1123,10.1.1.1.2043_4,637,712,33,72,column
1124,10.1.1.1.2098_12,458,710,59,75,column
1125,10.1.1.1.2098_12,531,710,37,73,column
1126,10.1.1.1.2098_12,583,712,36,73,column
1127,10.1.1.1.2098_12,637,712,33,72,column
1128,10.1.1.35.9666_6,458,710,59,75,column
1129,10.1.1.35.9666_6,531,710,37,73,column
1130,10.1.1.35.9666_6,583,712,36,73,column
1131,10.1.1.35.9666_6,637,712,33,72,column
1132,10.1.1.7.2137_6,458,710,59,75,column
1133,10.1.1.7.2137_6,531,710,37,73,column
1134,10.1.1.7.2137_6,583,712,36,73,column
1135,10.1.1.7.2137_6,637,712,33,72,column
1136,10.1.1.7.2112_16,458,710,59,75,column
1137,10.1.1.7.2112_16,531,710,37,73,column
1138,10.1.1.7.2112_16,583,712,36,73,column
1139,10.1.1.7.2112_16,637,712,33,72,column
1140,10.1.1.160.577_5,458,710,59,75,column
1141,10.1.1.160.577_5,531,710,37,73,column
1142,10.1.1.160.577_5,583,712,36,73,column
1143,10.1.1.160.577_5,637,712,33,72,column
1144,10.1.1.6.2321_32,458,710,59,75,column
1145,10.1.1.6.2321_32,531,710,37,73,column
1146,10.1.1.6.2321_32,583,712,36,73,column
1147,10.1.1.6.2321_32,637,712,33,72,column
1148,10.1.1.1.2067_10,458,710,59,75,column
1149,10.1.1.1.2067_10,531,710,37,73,column
1150,10.1.1.1.2067_10,583,712,36,73,column
1151,10.1.1.1.2067_10,637,712,33,72,column
1152,10.1.1.1.2067_4,458,710,59,75,column
1153,10.1.1.1.2067_4,531,710,37,73,column
1154,10.1.1.1.2067_4,583,712,36,73,column
1155,10.1.1.1.2067_4,637,712,33,72,column
1156,10.1.1.177.3007_21,458,710,59,75,column
1157,10.1.1.177.3007_21,531,710,37,73,column
1158,10.1.1.177.3007_21,583,712,36,73,column
1159,10.1.1.177.3007_21,637,712,33,72,column
1160,10.1.1.1.2019_2,458,710,59,75,column
1161,10.1.1.1.2019_2,531,710,37,73,column
1162,10.1.1.1.2019_2,583,712,36,73,column
1163,10.1.1.1.2019_2,637,712,33,72,column
1164,10.1.1.185.1558_41,458,710,59,75,column
1165,10.1.1.185.1558_41,531,710,37,73,column
1166,10.1.1.185.1558_41,583,712,36,73,column
1167,10.1.1.185.1558_41,637,712,33,72,column
1168,10.1.1.160.509_23,458,710,59,75,column
1169,10.1.1.160.509_23,531,710,37,73,column
1170,10.1.1.160.509_23,583,712,36,73,column
1171,10.1.1.160.509_23,637,712,33,72,column
1172,10.1.1.1.2084_16,458,710,59,75,column
1173,10.1.1.1.2084_16,531,710,37,73,column
1174,10.1.1.1.2084_16,583,712,36,73,column
1175,10.1.1.1.2084_16,637,712,33,72,column
1176,10.1.1.160.692_4,458,710,59,75,column
1177,10.1.1.160.692_4,531,710,37,73,column
1178,10.1.1.160.692_4,583,712,36,73,column
1179,10.1.1.160.692_4,637,712,33,72,column
1180,10.1.1.120.1505_46,458,710,59,75,column
1181,10.1.1.120.1505_46,531,710,37,73,column
1182,10.1.1.120.1505_46,583,712,36,73,column
1183,10.1.1.120.1505_46,637,712,33,72,column
1184,10.1.1.160.503_8,458,710,59,75,column
1185,10.1.1.160.503_8,531,710,37,73,column
1186,10.1.1.160.503_8,583,712,36,73,column
1187,10.1.1.160.503_8,637,712,33,72,column
1188,10.1.1.1.2806_3,458,710,59,75,column
1189,10.1.1.1.2806_3,531,710,37,73,column
1190,10.1.1.1.2806_3,583,712,36,73,column
1191,10.1.1.1.2806_3,637,712,33,72,column
1192,10.1.1.7.2119_23,458,710,59,75,column
1193,10.1.1.7.2119_23,531,710,37,73,column
1194,10.1.1.7.2119_23,583,712,36,73,column
1195,10.1.1.7.2119_23,637,712,33,72,column
1196,10.1.1.8.2155_4,458,710,59,75,column
1197,10.1.1.8.2155_4,531,710,37,73,column
1198,10.1.1.8.2155_4,583,712,36,73,column
1199,10.1.1.8.2155_4,637,712,33,72,column
1200,10.1.1.6.2243_7,458,710,59,75,column
1201,10.1.1.6.2243_7,531,710,37,73,column
1202,10.1.1.6.2243_7,583,712,36,73,column
1203,10.1.1.6.2243_7,637,712,33,72,column
1204,10.1.1.193.1810_12,458,710,59,75,column
1205,10.1.1.193.1810_12,531,710,37,73,column
1206,10.1.1.193.1810_12,583,712,36,73,column
1207,10.1.1.193.1810_12,637,712,33,72,column
1208,10.1.1.7.2189_4,458,710,59,75,column
1209,10.1.1.7.2189_4,531,710,37,73,column
1210,10.1.1.7.2189_4,583,712,36,73,column
1211,10.1.1.7.2189_4,637,712,33,72,column
1212,10.1.1.185.1562_87,458,710,59,75,column
1213,10.1.1.185.1562_87,531,710,37,73,column
1214,10.1.1.185.1562_87,583,712,36,73,column
1215,10.1.1.185.1562_87,637,712,33,72,column
1216,10.1.1.160.628_2,458,710,59,75,column
1217,10.1.1.160.628_2,531,710,37,73,column
1218,10.1.1.160.628_2,583,712,36,73,column
1219,10.1.1.160.628_2,637,712,33,72,column
1220,10.1.1.185.1555_4,458,710,59,75,column
1221,10.1.1.185.1555_4,531,710,37,73,column
1222,10.1.1.185.1555_4,583,712,36,73,column
1223,10.1.1.185.1555_4,637,712,33,72,column
1224,10.1.1.36.8492_1,458,710,59,75,column
1225,10.1.1.36.8492_1,531,710,37,73,column
1226,10.1.1.36.8492_1,583,712,36,73,column
1227,10.1.1.36.8492_1,637,712,33,72,column
1228,10.1.1.1.2063_4,458,710,59,75,column
1229,10.1.1.1.2063_4,531,710,37,73,column
1230,10.1.1.1.2063_4,583,712,36,73,column
1231,10.1.1.1.2063_4,637,712,33,72,column
1232,10.1.1.190.1808_5,458,710,59,75,column
1233,10.1.1.190.1808_5,531,710,37,73,column
1234,10.1.1.190.1808_5,583,712,36,73,column
1235,10.1.1.190.1808_5,637,712,33,72,column
1236,10.1.1.6.2234_17,458,710,59,75,column
1237,10.1.1.6.2234_17,531,710,37,73,column
1238,10.1.1.6.2234_17,583,712,36,73,column
1239,10.1.1.6.2234_17,637,712,33,72,column
1240,10.1.1.33.152_8,458,710,59,75,column
1241,10.1.1.33.152_8,531,710,37,73,column
1242,10.1.1.33.152_8,583,712,36,73,column
1243,10.1.1.33.152_8,637,712,33,72,column
1244,10.1.1.30.3567_5,458,710,59,75,column
1245,10.1.1.30.3567_5,531,710,37,73,column
1246,10.1.1.30.3567_5,583,712,36,73,column
1247,10.1.1.30.3567_5,637,712,33,72,column
1248,10.1.1.160.575_3,458,710,59,75,column
1249,10.1.1.160.575_3,531,710,37,73,column
1250,10.1.1.160.575_3,583,712,36,73,column
1251,10.1.1.160.575_3,637,712,33,72,column
1252,10.1.1.192.1803_10,458,710,59,75,column
1253,10.1.1.192.1803_10,531,710,37,73,column
1254,10.1.1.192.1803_10,583,712,36,73,column
1255,10.1.1.192.1803_10,637,712,33,72,column
1256,10.1.1.35.9666_3,458,710,59,75,column
1257,10.1.1.35.9666_3,531,710,37,73,column
1258,10.1.1.35.9666_3,583,712,36,73,column
1259,10.1.1.35.9666_3,637,712,33,72,column
1260,10.1.1.160.531_23,458,710,59,75,column
1261,10.1.1.160.531_23,531,710,37,73,column
1262,10.1.1.160.531_23,583,712,36,73,column
1263,10.1.1.160.531_23,637,712,33,72,column
1264,10.1.1.120.1632_3,458,710,59,75,column
1265,10.1.1.120.1632_3,531,710,37,73,column
1266,10.1.1.120.1632_3,583,712,36,73,column
1267,10.1.1.120.1632_3,637,712,33,72,column
1268,10.1.1.7.2137_3,458,710,59,75,column
1269,10.1.1.7.2137_3,531,710,37,73,column
1270,10.1.1.7.2137_3,583,712,36,73,column
1271,10.1.1.7.2137_3,637,712,33,72,column
1272,10.1.1.160.542_27,458,710,59,75,column
1273,10.1.1.160.542_27,531,710,37,73,column
1274,10.1.1.160.542_27,583,712,36,73,column
1275,10.1.1.160.542_27,637,712,33,72,column
1276,10.1.1.6.2381_5,458,710,59,75,column
1277,10.1.1.6.2381_5,531,710,37,73,column
1278,10.1.1.6.2381_5,583,712,36,73,column
1279,10.1.1.6.2381_5,637,712,33,72,column
1280,10.1.1.12.2649_5,458,710,59,75,column
1281,10.1.1.12.2649_5,531,710,37,73,column
1282,10.1.1.12.2649_5,583,712,36,73,column
1283,10.1.1.12.2649_5,637,712,33,72,column
1284,10.1.1.32.4629_8,458,710,59,75,column
1285,10.1.1.32.4629_8,531,710,37,73,column
1286,10.1.1.32.4629_8,583,712,36,73,column
1287,10.1.1.32.4629_8,637,712,33,72,column
1288,10.1.1.180.564_38,458,710,59,75,column
1289,10.1.1.180.564_38,531,710,37,73,column
1290,10.1.1.180.564_38,583,712,36,73,column
1291,10.1.1.180.564_38,637,712,33,72,column
1292,10.1.1.7.2187_20,458,710,59,75,column
1293,10.1.1.7.2187_20,531,710,37,73,column
1294,10.1.1.7.2187_20,583,712,36,73,column
1295,10.1.1.7.2187_20,637,712,33,72,column
1296,10.1.1.36.218_12,458,710,59,75,column
1297,10.1.1.36.218_12,531,710,37,73,column
1298,10.1.1.36.218_12,583,712,36,73,column
1299,10.1.1.36.218_12,637,712,33,72,column
1300,10.1.1.185.1557_7,458,710,59,75,column
1301,10.1.1.185.1557_7,531,710,37,73,column
1302,10.1.1.185.1557_7,583,712,36,73,column
1303,10.1.1.185.1557_7,637,712,33,72,column
1304,10.1.1.100.2018_6,458,710,59,75,column
1305,10.1.1.100.2018_6,531,710,37,73,column
1306,10.1.1.100.2018_6,583,712,36,73,column
1307,10.1.1.100.2018_6,637,712,33,72,column
1308,10.1.1.190.1808_4,458,710,59,75,column
1309,10.1.1.190.1808_4,531,710,37,73,column
1310,10.1.1.190.1808_4,583,712,36,73,column
1311,10.1.1.190.1808_4,637,712,33,72,column
1312,10.1.1.6.2304_5,458,710,59,75,column
1313,10.1.1.6.2304_5,531,710,37,73,column
1314,10.1.1.6.2304_5,583,712,36,73,column
1315,10.1.1.6.2304_5,637,712,33,72,column
1316,10.1.1.180.559_26,458,710,59,75,column
1317,10.1.1.180.559_26,531,710,37,73,column
1318,10.1.1.180.559_26,583,712,36,73,column
1319,10.1.1.180.559_26,637,712,33,72,column
1320,10.1.1.1.2076_85,458,710,59,75,column
1321,10.1.1.1.2076_85,531,710,37,73,column
1322,10.1.1.1.2076_85,583,712,36,73,column
1323,10.1.1.1.2076_85,637,712,33,72,column
1324,10.1.1.40.3122_2,458,710,59,75,column
1325,10.1.1.40.3122_2,531,710,37,73,column
1326,10.1.1.40.3122_2,583,712,36,73,column
1327,10.1.1.40.3122_2,637,712,33,72,column
1328,10.1.1.7.2164_18,458,710,59,75,column
1329,10.1.1.7.2164_18,531,710,37,73,column
1330,10.1.1.7.2164_18,583,712,36,73,column
1331,10.1.1.7.2164_18,637,712,33,72,column
1332,10.1.1.12.797_3,458,710,59,75,column
1333,10.1.1.12.797_3,531,710,37,73,column
1334,10.1.1.12.797_3,583,712,36,73,column
1335,10.1.1.12.797_3,637,712,33,72,column
1336,10.1.1.7.2108_3,458,710,59,75,column
1337,10.1.1.7.2108_3,531,710,37,73,column
1338,10.1.1.7.2108_3,583,712,36,73,column
1339,10.1.1.7.2108_3,637,712,33,72,column
1340,10.1.1.35.2056_3,458,710,59,75,column
1341,10.1.1.35.2056_3,531,710,37,73,column
1342,10.1.1.35.2056_3,583,712,36,73,column
1343,10.1.1.35.2056_3,637,712,33,72,column
1344,10.1.1.30.3567_6,458,710,59,75,column
1345,10.1.1.30.3567_6,531,710,37,73,column
1346,10.1.1.30.3567_6,583,712,36,73,column
1347,10.1.1.30.3567_6,637,712,33,72,column
1348,10.1.1.160.552_20,458,710,59,75,column
1349,10.1.1.160.552_20,531,710,37,73,column
1350,10.1.1.160.552_20,583,712,36,73,column
1351,10.1.1.160.552_20,637,712,33,72,column
1352,10.1.1.6.2202_4,458,710,59,75,column
1353,10.1.1.6.2202_4,531,710,37,73,column
1354,10.1.1.6.2202_4,583,712,36,73,column
1355,10.1.1.6.2202_4,637,712,33,72,column
1356,10.1.1.177.3001_109,458,710,59,75,column
1357,10.1.1.177.3001_109,531,710,37,73,column
1358,10.1.1.177.3001_109,583,712,36,73,column
1359,10.1.1.177.3001_109,637,712,33,72,column
1360,10.1.1.179.3009_10,458,710,59,75,column
1361,10.1.1.179.3009_10,531,710,37,73,column
1362,10.1.1.179.3009_10,583,712,36,73,column
1363,10.1.1.179.3009_10,637,712,33,72,column
1364,10.1.1.160.651_22,458,710,59,75,column
1365,10.1.1.160.651_22,531,710,37,73,column
1366,10.1.1.160.651_22,583,712,36,73,column
1367,10.1.1.160.651_22,637,712,33,72,column
1368,10.1.1.1.2006_3,458,710,59,75,column
1369,10.1.1.1.2006_3,531,710,37,73,column
1370,10.1.1.1.2006_3,583,712,36,73,column
1371,10.1.1.1.2006_3,637,712,33,72,column
1372,10.1.1.36.2833_22,458,710,59,75,column
1373,10.1.1.36.2833_22,531,710,37,73,column
1374,10.1.1.36.2833_22,583,712,36,73,column
1375,10.1.1.36.2833_22,637,712,33,72,column
1376,10.1.1.160.604_22,458,710,59,75,column
1377,10.1.1.160.604_22,531,710,37,73,column
1378,10.1.1.160.604_22,583,712,36,73,column
1379,10.1.1.160.604_22,637,712,33,72,column
1380,10.1.1.172.1007_3,458,710,59,75,column
1381,10.1.1.172.1007_3,531,710,37,73,column
1382,10.1.1.172.1007_3,583,712,36,73,column
1383,10.1.1.172.1007_3,637,712,33,72,column
1384,10.1.1.179.3009_11,458,710,59,75,column
1385,10.1.1.179.3009_11,531,710,37,73,column
1386,10.1.1.179.3009_11,583,712,36,73,column
1387,10.1.1.179.3009_11,637,712,33,72,column
1388,10.1.1.6.2367_49,458,710,59,75,column
1389,10.1.1.6.2367_49,531,710,37,73,column
1390,10.1.1.6.2367_49,583,712,36,73,column
1391,10.1.1.6.2367_49,637,712,33,72,column
1392,10.1.1.12.1775_12,458,710,59,75,column
1393,10.1.1.12.1775_12,531,710,37,73,column
1394,10.1.1.12.1775_12,583,712,36,73,column
1395,10.1.1.12.1775_12,637,712,33,72,column
1396,10.1.1.10.1816_3,458,710,59,75,column
1397,10.1.1.10.1816_3,531,710,37,73,column
1398,10.1.1.10.1816_3,583,712,36,73,column
1399,10.1.1.10.1816_3,637,712,33,72,column
1400,10.1.1.1.2089_8,458,710,59,75,column
1401,10.1.1.1.2089_8,531,710,37,73,column
1402,10.1.1.1.2089_8,583,712,36,73,column
1403,10.1.1.1.2089_8,637,712,33,72,column
1404,10.1.1.6.2215_30,458,710,59,75,column
1405,10.1.1.6.2215_30,531,710,37,73,column
1406,10.1.1.6.2215_30,583,712,36,73,column
1407,10.1.1.6.2215_30,637,712,33,72,column
1408,10.1.1.8.2165_10,458,710,59,75,column
1409,10.1.1.8.2165_10,531,710,37,73,column
1410,10.1.1.8.2165_10,583,712,36,73,column
1411,10.1.1.8.2165_10,637,712,33,72,column
1412,10.1.1.6.2249_15,458,710,59,75,column
1413,10.1.1.6.2249_15,531,710,37,73,column
1414,10.1.1.6.2249_15,583,712,36,73,column
1415,10.1.1.6.2249_15,637,712,33,72,column
1416,10.1.1.12.797_2,458,710,59,75,column
1417,10.1.1.12.797_2,531,710,37,73,column
1418,10.1.1.12.797_2,583,712,36,73,column
1419,10.1.1.12.797_2,637,712,33,72,column
1420,10.1.1.160.559_28,458,710,59,75,column
1421,10.1.1.160.559_28,531,710,37,73,column
1422,10.1.1.160.559_28,583,712,36,73,column
1423,10.1.1.160.559_28,637,712,33,72,column
1424,10.1.1.36.8492_3,458,710,59,75,column
1425,10.1.1.36.8492_3,531,710,37,73,column
1426,10.1.1.36.8492_3,583,712,36,73,column
1427,10.1.1.36.8492_3,637,712,33,72,column
1428,10.1.1.40.3122_3,458,710,59,75,column
1429,10.1.1.40.3122_3,531,710,37,73,column
1430,10.1.1.40.3122_3,583,712,36,73,column
1431,10.1.1.40.3122_3,637,712,33,72,column
1432,10.1.1.160.699_75,458,710,59,75,column
1433,10.1.1.160.699_75,531,710,37,73,column
1434,10.1.1.160.699_75,583,712,36,73,column
1435,10.1.1.160.699_75,637,712,33,72,column
1436,10.1.1.120.1514_4,458,710,59,75,column
1437,10.1.1.120.1514_4,531,710,37,73,column
1438,10.1.1.120.1514_4,583,712,36,73,column
1439,10.1.1.120.1514_4,637,712,33,72,column
1440,10.1.1.32.3210_5,458,710,59,75,column
1441,10.1.1.32.3210_5,531,710,37,73,column
1442,10.1.1.32.3210_5,583,712,36,73,column
1443,10.1.1.32.3210_5,637,712,33,72,column
1444,10.1.1.1.2087_26,458,710,59,75,column
1445,10.1.1.1.2087_26,531,710,37,73,column
1446,10.1.1.1.2087_26,583,712,36,73,column
1447,10.1.1.1.2087_26,637,712,33,72,column
1448,10.1.1.120.1615_4,458,710,59,75,column
1449,10.1.1.120.1615_4,531,710,37,73,column
1450,10.1.1.120.1615_4,583,712,36,73,column
1451,10.1.1.120.1615_4,637,712,33,72,column
1452,10.1.1.1.2042_4,458,710,59,75,column
1453,10.1.1.1.2042_4,531,710,37,73,column
1454,10.1.1.1.2042_4,583,712,36,73,column
1455,10.1.1.1.2042_4,637,712,33,72,column
1456,10.1.1.7.2122_17,458,710,59,75,column
1457,10.1.1.7.2122_17,531,710,37,73,column
1458,10.1.1.7.2122_17,583,712,36,73,column
1459,10.1.1.7.2122_17,637,712,33,72,column
1460,10.1.1.120.1530_5,458,710,59,75,column
1461,10.1.1.120.1530_5,531,710,37,73,column
1462,10.1.1.120.1530_5,583,712,36,73,column
1463,10.1.1.120.1530_5,637,712,33,72,column
1464,10.1.1.1.2034_11,458,710,59,75,column
1465,10.1.1.1.2034_11,531,710,37,73,column
1466,10.1.1.1.2034_11,583,712,36,73,column
1467,10.1.1.1.2034_11,637,712,33,72,column
1468,10.1.1.160.675_6,458,710,59,75,column
1469,10.1.1.160.675_6,531,710,37,73,column
1470,10.1.1.160.675_6,583,712,36,73,column
1471,10.1.1.160.675_6,637,712,33,72,column
1472,10.1.1.6.2208_12,458,710,59,75,column
1473,10.1.1.6.2208_12,531,710,37,73,column
1474,10.1.1.6.2208_12,583,712,36,73,column
1475,10.1.1.6.2208_12,637,712,33,72,column
1476,10.1.1.1.2047_14,458,710,59,75,column
1477,10.1.1.1.2047_14,531,710,37,73,column
1478,10.1.1.1.2047_14,583,712,36,73,column
1479,10.1.1.1.2047_14,637,712,33,72,column
1480,10.1.1.160.644_112,458,710,59,75,column
1481,10.1.1.160.644_112,531,710,37,73,column
1482,10.1.1.160.644_112,583,712,36,73,column
1483,10.1.1.160.644_112,637,712,33,72,column
1484,10.1.1.6.2266_7,458,710,59,75,column
1485,10.1.1.6.2266_7,531,710,37,73,column
1486,10.1.1.6.2266_7,583,712,36,73,column
1487,10.1.1.6.2266_7,637,712,33,72,column
1488,10.1.1.100.2023_12,458,710,59,75,column
1489,10.1.1.100.2023_12,531,710,37,73,column
1490,10.1.1.100.2023_12,583,712,36,73,column
1491,10.1.1.100.2023_12,637,712,33,72,column
1492,10.1.1.37.368_2,458,710,59,75,column
1493,10.1.1.37.368_2,531,710,37,73,column
1494,10.1.1.37.368_2,583,712,36,73,column
1495,10.1.1.37.368_2,637,712,33,72,column
1496,10.1.1.100.291_4,458,710,59,75,column
1497,10.1.1.100.291_4,531,710,37,73,column
1498,10.1.1.100.291_4,583,712,36,73,column
1499,10.1.1.100.291_4,637,712,33,72,column
1500,10.1.1.10.2226_5,458,710,59,75,column
1501,10.1.1.10.2226_5,531,710,37,73,column
1502,10.1.1.10.2226_5,583,712,36,73,column
1503,10.1.1.10.2226_5,637,712,33,72,column
1504,10.1.1.160.563_8,458,710,59,75,column
1505,10.1.1.160.563_8,531,710,37,73,column
1506,10.1.1.160.563_8,583,712,36,73,column
1507,10.1.1.160.563_8,637,712,33,72,column
1508,10.1.1.1.2028_14,458,710,59,75,column
1509,10.1.1.1.2028_14,531,710,37,73,column
1510,10.1.1.1.2028_14,583,712,36,73,column
1511,10.1.1.1.2028_14,637,712,33,72,column
1512,10.1.1.193.1807_1,458,710,59,75,column
1513,10.1.1.193.1807_1,531,710,37,73,column
1514,10.1.1.193.1807_1,583,712,36,73,column
1515,10.1.1.193.1807_1,637,712,33,72,column
1516,10.1.1.8.2117_32,458,710,59,75,column
1517,10.1.1.8.2117_32,531,710,37,73,column
1518,10.1.1.8.2117_32,583,712,36,73,column
1519,10.1.1.8.2117_32,637,712,33,72,column
1520,10.1.1.1.2082_5,458,710,59,75,column
1521,10.1.1.1.2082_5,531,710,37,73,column
1522,10.1.1.1.2082_5,583,712,36,73,column
1523,10.1.1.1.2082_5,637,712,33,72,column
1524,10.1.1.1.2103_4,458,710,59,75,column
1525,10.1.1.1.2103_4,531,710,37,73,column
1526,10.1.1.1.2103_4,583,712,36,73,column
1527,10.1.1.1.2103_4,637,712,33,72,column
1528,10.1.1.100.308_10,458,710,59,75,column
1529,10.1.1.100.308_10,531,710,37,73,column
1530,10.1.1.100.308_10,583,712,36,73,column
1531,10.1.1.100.308_10,637,712,33,72,column
1532,10.1.1.20.2120_5,458,710,59,75,column
1533,10.1.1.20.2120_5,531,710,37,73,column
1534,10.1.1.20.2120_5,583,712,36,73,column
1535,10.1.1.20.2120_5,637,712,33,72,column
1536,10.1.1.37.368_3,458,710,59,75,column
1537,10.1.1.37.368_3,531,710,37,73,column
1538,10.1.1.37.368_3,583,712,36,73,column
1539,10.1.1.37.368_3,637,712,33,72,column
1540,10.1.1.6.2286_3,458,710,59,75,column
1541,10.1.1.6.2286_3,531,710,37,73,column
1542,10.1.1.6.2286_3,583,712,36,73,column
1543,10.1.1.6.2286_3,637,712,33,72,column
1544,10.1.1.6.2223_6,458,710,59,75,column
1545,10.1.1.6.2223_6,531,710,37,73,column
1546,10.1.1.6.2223_6,583,712,36,73,column
1547,10.1.1.6.2223_6,637,712,33,72,column
1548,10.1.1.190.1812_2,458,710,59,75,column
1549,10.1.1.190.1812_2,531,710,37,73,column
1550,10.1.1.190.1812_2,583,712,36,73,column
1551,10.1.1.190.1812_2,637,712,33,72,column
1552,10.1.1.160.611_59,458,710,59,75,column
1553,10.1.1.160.611_59,531,710,37,73,column
1554,10.1.1.160.611_59,583,712,36,73,column
1555,10.1.1.160.611_59,637,712,33,72,column
1556,10.1.1.6.2308_13,458,710,59,75,column
1557,10.1.1.6.2308_13,531,710,37,73,column
1558,10.1.1.6.2308_13,583,712,36,73,column
1559,10.1.1.6.2308_13,637,712,33,72,column
1560,10.1.1.1.2066_4,458,710,59,75,column
1561,10.1.1.1.2066_4,531,710,37,73,column
1562,10.1.1.1.2066_4,583,712,36,73,column
1563,10.1.1.1.2066_4,637,712,33,72,column
1564,10.1.1.160.517_4,458,710,59,75,column
1565,10.1.1.160.517_4,531,710,37,73,column
1566,10.1.1.160.517_4,583,712,36,73,column
1567,10.1.1.160.517_4,637,712,33,72,column
1568,10.1.1.6.2327_7,458,710,59,75,column
1569,10.1.1.6.2327_7,531,710,37,73,column
1570,10.1.1.6.2327_7,583,712,36,73,column
1571,10.1.1.6.2327_7,637,712,33,72,column
1572,10.1.1.160.649_18,458,710,59,75,column
1573,10.1.1.160.649_18,531,710,37,73,column
1574,10.1.1.160.649_18,583,712,36,73,column
1575,10.1.1.160.649_18,637,712,33,72,column
1576,10.1.1.160.615_15,458,710,59,75,column
1577,10.1.1.160.615_15,531,710,37,73,column
1578,10.1.1.160.615_15,583,712,36,73,column
1579,10.1.1.160.615_15,637,712,33,72,column
1580,10.1.1.1.2139_44,458,710,59,75,column
1581,10.1.1.1.2139_44,531,710,37,73,column
1582,10.1.1.1.2139_44,583,712,36,73,column
1583,10.1.1.1.2139_44,637,712,33,72,column
1584,10.1.1.6.2346_4,458,710,59,75,column
1585,10.1.1.6.2346_4,531,710,37,73,column
1586,10.1.1.6.2346_4,583,712,36,73,column
1587,10.1.1.6.2346_4,637,712,33,72,column
1588,10.1.1.1.2118_5,458,710,59,75,column
1589,10.1.1.1.2118_5,531,710,37,73,column
1590,10.1.1.1.2118_5,583,712,36,73,column
1591,10.1.1.1.2118_5,637,712,33,72,column
1592,10.1.1.190.2750_22,458,710,59,75,column
1593,10.1.1.190.2750_22,531,710,37,73,column
1594,10.1.1.190.2750_22,583,712,36,73,column
1595,10.1.1.190.2750_22,637,712,33,72,column
1596,10.1.1.100.2031_11,458,710,59,75,column
1597,10.1.1.100.2031_11,531,710,37,73,column
1598,10.1.1.100.2031_11,583,712,36,73,column
1599,10.1.1.100.2031_11,637,712,33,72,column
1600,10.1.1.160.529_30,458,710,59,75,column
1601,10.1.1.160.529_30,531,710,37,73,column
1602,10.1.1.160.529_30,583,712,36,73,column
1603,10.1.1.160.529_30,637,712,33,72,column
1604,10.1.1.160.690_35,458,710,59,75,column
1605,10.1.1.160.690_35,531,710,37,73,column
1606,10.1.1.160.690_35,583,712,36,73,column
1607,10.1.1.160.690_35,637,712,33,72,column
1608,10.1.1.32.3478_3,458,710,59,75,column
1609,10.1.1.32.3478_3,531,710,37,73,column
1610,10.1.1.32.3478_3,583,712,36,73,column
1611,10.1.1.32.3478_3,637,712,33,72,column
1612,10.1.1.32.6167_3,458,710,59,75,column
1613,10.1.1.32.6167_3,531,710,37,73,column
1614,10.1.1.32.6167_3,583,712,36,73,column
1615,10.1.1.32.6167_3,637,712,33,72,column
1616,10.1.1.1.2036_17,458,710,59,75,column
1617,10.1.1.1.2036_17,531,710,37,73,column
1618,10.1.1.1.2036_17,583,712,36,73,column
1619,10.1.1.1.2036_17,637,712,33,72,column
1620,10.1.1.6.2264_54,458,710,59,75,column
1621,10.1.1.6.2264_54,531,710,37,73,column
1622,10.1.1.6.2264_54,583,712,36,73,column
1623,10.1.1.6.2264_54,637,712,33,72,column
1624,10.1.1.178.3002_12,458,710,59,75,column
1625,10.1.1.178.3002_12,531,710,37,73,column
1626,10.1.1.178.3002_12,583,712,36,73,column
1627,10.1.1.178.3002_12,637,712,33,72,column
1628,10.1.1.1.2034_8,458,710,59,75,column
1629,10.1.1.1.2034_8,531,710,37,73,column
1630,10.1.1.1.2034_8,583,712,36,73,column
1631,10.1.1.1.2034_8,637,712,33,72,column
1632,10.1.1.7.2166_8,458,710,59,75,column
1633,10.1.1.7.2166_8,531,710,37,73,column
1634,10.1.1.7.2166_8,583,712,36,73,column
1635,10.1.1.7.2166_8,637,712,33,72,column
1636,10.1.1.6.2299_6,458,710,59,75,column
1637,10.1.1.6.2299_6,531,710,37,73,column
1638,10.1.1.6.2299_6,583,712,36,73,column
1639,10.1.1.6.2299_6,637,712,33,72,column
1640,10.1.1.160.710_4,458,710,59,75,column
1641,10.1.1.160.710_4,531,710,37,73,column
1642,10.1.1.160.710_4,583,712,36,73,column
1643,10.1.1.160.710_4,637,712,33,72,column
1644,10.1.1.30.3555_10,458,710,59,75,column
1645,10.1.1.30.3555_10,531,710,37,73,column
1646,10.1.1.30.3555_10,583,712,36,73,column
1647,10.1.1.30.3555_10,637,712,33,72,column
1648,10.1.1.12.9006_6,458,710,59,75,column
1649,10.1.1.12.9006_6,531,710,37,73,column
1650,10.1.1.12.9006_6,583,712,36,73,column
1651,10.1.1.12.9006_6,637,712,33,72,column
1652,10.1.1.36.5934_16,458,710,59,75,column
1653,10.1.1.36.5934_16,531,710,37,73,column
1654,10.1.1.36.5934_16,583,712,36,73,column
1655,10.1.1.36.5934_16,637,712,33,72,column
1656,10.1.1.38.2480_2,458,710,59,75,column
1657,10.1.1.38.2480_2,531,710,37,73,column
1658,10.1.1.38.2480_2,583,712,36,73,column
1659,10.1.1.38.2480_2,637,712,33,72,column
1660,10.1.1.37.4664_23,458,710,59,75,column
1661,10.1.1.37.4664_23,531,710,37,73,column
1662,10.1.1.37.4664_23,583,712,36,73,column
1663,10.1.1.37.4664_23,637,712,33,72,column
1664,10.1.1.6.2223_5,458,710,59,75,column
1665,10.1.1.6.2223_5,531,710,37,73,column
1666,10.1.1.6.2223_5,583,712,36,73,column
1667,10.1.1.6.2223_5,637,712,33,72,column
1668,10.1.1.8.2156_5,458,710,59,75,column
1669,10.1.1.8.2156_5,531,710,37,73,column
1670,10.1.1.8.2156_5,583,712,36,73,column
1671,10.1.1.8.2156_5,637,712,33,72,column
1672,10.1.1.6.2327_4,458,710,59,75,column
1673,10.1.1.6.2327_4,531,710,37,73,column
1674,10.1.1.6.2327_4,583,712,36,73,column
1675,10.1.1.6.2327_4,637,712,33,72,column
1676,10.1.1.6.2272_19,458,710,59,75,column
1677,10.1.1.6.2272_19,531,710,37,73,column
1678,10.1.1.6.2272_19,583,712,36,73,column
1679,10.1.1.6.2272_19,637,712,33,72,column
1680,10.1.1.6.2362_4,458,710,59,75,column
1681,10.1.1.6.2362_4,531,710,37,73,column
1682,10.1.1.6.2362_4,583,712,36,73,column
1683,10.1.1.6.2362_4,637,712,33,72,column
1684,10.1.1.7.2148_31,458,710,59,75,column
1685,10.1.1.7.2148_31,531,710,37,73,column
1686,10.1.1.7.2148_31,583,712,36,73,column
1687,10.1.1.7.2148_31,637,712,33,72,column
1688,10.1.1.160.684_9,458,710,59,75,column
1689,10.1.1.160.684_9,531,710,37,73,column
1690,10.1.1.160.684_9,583,712,36,73,column
1691,10.1.1.160.684_9,637,712,33,72,column
1692,10.1.1.160.690_34,458,710,59,75,column
1693,10.1.1.160.690_34,531,710,37,73,column
1694,10.1.1.160.690_34,583,712,36,73,column
1695,10.1.1.160.690_34,637,712,33,72,column
1696,10.1.1.1.2064_5,458,710,59,75,column
1697,10.1.1.1.2064_5,531,710,37,73,column
1698,10.1.1.1.2064_5,583,712,36,73,column
1699,10.1.1.1.2064_5,637,712,33,72,column
1700,10.1.1.160.529_31,458,710,59,75,column
1701,10.1.1.160.529_31,531,710,37,73,column
1702,10.1.1.160.529_31,583,712,36,73,column
1703,10.1.1.160.529_31,637,712,33,72,column
1704,10.1.1.1.2042_6,458,710,59,75,column
1705,10.1.1.1.2042_6,531,710,37,73,column
1706,10.1.1.1.2042_6,583,712,36,73,column
1707,10.1.1.1.2042_6,637,712,33,72,column
1708,10.1.1.6.2218_15,458,710,59,75,column
1709,10.1.1.6.2218_15,531,710,37,73,column
1710,10.1.1.6.2218_15,583,712,36,73,column
1711,10.1.1.6.2218_15,637,712,33,72,column
1712,10.1.1.8.2147_15,458,710,59,75,column
1713,10.1.1.8.2147_15,531,710,37,73,column
1714,10.1.1.8.2147_15,583,712,36,73,column
1715,10.1.1.8.2147_15,637,712,33,72,column
1716,10.1.1.120.1514_6,458,710,59,75,column
1717,10.1.1.120.1514_6,531,710,37,73,column
1718,10.1.1.120.1514_6,583,712,36,73,column
1719,10.1.1.120.1514_6,637,712,33,72,column
1720,10.1.1.6.2346_5,458,710,59,75,column
1721,10.1.1.6.2346_5,531,710,37,73,column
1722,10.1.1.6.2346_5,583,712,36,73,column
1723,10.1.1.6.2346_5,637,712,33,72,column
1724,10.1.1.32.3210_3,458,710,59,75,column
1725,10.1.1.32.3210_3,531,710,37,73,column
1726,10.1.1.32.3210_3,583,712,36,73,column
1727,10.1.1.32.3210_3,637,712,33,72,column
1728,10.1.1.185.1552_1,458,710,59,75,column
1729,10.1.1.185.1552_1,531,710,37,73,column
1730,10.1.1.185.1552_1,583,712,36,73,column
1731,10.1.1.185.1552_1,637,712,33,72,column
1732,10.1.1.1.2023_33,458,710,59,75,column
1733,10.1.1.1.2023_33,531,710,37,73,column
1734,10.1.1.1.2023_33,583,712,36,73,column
1735,10.1.1.1.2023_33,637,712,33,72,column
1736,10.1.1.193.1803_3,458,710,59,75,column
1737,10.1.1.193.1803_3,531,710,37,73,column
1738,10.1.1.193.1803_3,583,712,36,73,column
1739,10.1.1.193.1803_3,637,712,33,72,column
1740,10.1.1.34.7043_189,458,710,59,75,column
1741,10.1.1.34.7043_189,531,710,37,73,column
1742,10.1.1.34.7043_189,583,712,36,73,column
1743,10.1.1.34.7043_189,637,712,33,72,column
1744,10.1.1.101.295_10,458,710,59,75,column
1745,10.1.1.101.295_10,531,710,37,73,column
1746,10.1.1.101.295_10,583,712,36,73,column
1747,10.1.1.101.295_10,637,712,33,72,column
1748,10.1.1.100.2031_8,458,710,59,75,column
1749,10.1.1.100.2031_8,531,710,37,73,column
1750,10.1.1.100.2031_8,583,712,36,73,column
1751,10.1.1.100.2031_8,637,712,33,72,column
1752,10.1.1.34.330_9,458,710,59,75,column
1753,10.1.1.34.330_9,531,710,37,73,column
1754,10.1.1.34.330_9,583,712,36,73,column
1755,10.1.1.34.330_9,637,712,33,72,column
1756,10.1.1.193.1807_7,458,710,59,75,column
1757,10.1.1.193.1807_7,531,710,37,73,column
1758,10.1.1.193.1807_7,583,712,36,73,column
1759,10.1.1.193.1807_7,637,712,33,72,column
1760,10.1.1.177.3004_17,458,710,59,75,column
1761,10.1.1.177.3004_17,531,710,37,73,column
1762,10.1.1.177.3004_17,583,712,36,73,column
1763,10.1.1.177.3004_17,637,712,33,72,column
1764,10.1.1.7.2153_5,458,710,59,75,column
1765,10.1.1.7.2153_5,531,710,37,73,column
1766,10.1.1.7.2153_5,583,712,36,73,column
1767,10.1.1.7.2153_5,637,712,33,72,column
1768,10.1.1.1.2100_12,458,710,59,75,column
1769,10.1.1.1.2100_12,531,710,37,73,column
1770,10.1.1.1.2100_12,583,712,36,73,column
1771,10.1.1.1.2100_12,637,712,33,72,column
1772,10.1.1.6.2340_6,458,710,59,75,column
1773,10.1.1.6.2340_6,531,710,37,73,column
1774,10.1.1.6.2340_6,583,712,36,73,column
1775,10.1.1.6.2340_6,637,712,33,72,column
1776,10.1.1.36.5934_13,458,710,59,75,column
1777,10.1.1.36.5934_13,531,710,37,73,column
1778,10.1.1.36.5934_13,583,712,36,73,column
1779,10.1.1.36.5934_13,637,712,33,72,column
1780,10.1.1.10.2577_6,458,710,59,75,column
1781,10.1.1.10.2577_6,531,710,37,73,column
1782,10.1.1.10.2577_6,583,712,36,73,column
1783,10.1.1.10.2577_6,637,712,33,72,column
1784,10.1.1.6.2284_7,458,710,59,75,column
1785,10.1.1.6.2284_7,531,710,37,73,column
1786,10.1.1.6.2284_7,583,712,36,73,column
1787,10.1.1.6.2284_7,637,712,33,72,column
1788,10.1.1.101.292_2,458,710,59,75,column
1789,10.1.1.101.292_2,531,710,37,73,column
1790,10.1.1.101.292_2,583,712,36,73,column
1791,10.1.1.101.292_2,637,712,33,72,column
1792,10.1.1.100.303_8,458,710,59,75,column
1793,10.1.1.100.303_8,531,710,37,73,column
1794,10.1.1.100.303_8,583,712,36,73,column
1795,10.1.1.100.303_8,637,712,33,72,column
1796,10.1.1.100.2019_5,458,710,59,75,column
1797,10.1.1.100.2019_5,531,710,37,73,column
1798,10.1.1.100.2019_5,583,712,36,73,column
1799,10.1.1.100.2019_5,637,712,33,72,column
1800,10.1.1.160.546_34,458,710,59,75,column
1801,10.1.1.160.546_34,531,710,37,73,column
1802,10.1.1.160.546_34,583,712,36,73,column
1803,10.1.1.160.546_34,637,712,33,72,column
1804,10.1.1.6.2277_10,458,710,59,75,column
1805,10.1.1.6.2277_10,531,710,37,73,column
1806,10.1.1.6.2277_10,583,712,36,73,column
1807,10.1.1.6.2277_10,637,712,33,72,column
1808,10.1.1.172.1002_31,458,710,59,75,column
1809,10.1.1.172.1002_31,531,710,37,73,column
1810,10.1.1.172.1002_31,583,712,36,73,column
1811,10.1.1.172.1002_31,637,712,33,72,column
1812,10.1.1.1.2047_13,458,710,59,75,column
1813,10.1.1.1.2047_13,531,710,37,73,column
1814,10.1.1.1.2047_13,583,712,36,73,column
1815,10.1.1.1.2047_13,637,712,33,72,column
1816,10.1.1.6.2215_78,458,710,59,75,column
1817,10.1.1.6.2215_78,531,710,37,73,column
1818,10.1.1.6.2215_78,583,712,36,73,column
1819,10.1.1.6.2215_78,637,712,33,72,column
1820,10.1.1.1.2018_4,458,710,59,75,column
1821,10.1.1.1.2018_4,531,710,37,73,column
1822,10.1.1.1.2018_4,583,712,36,73,column
1823,10.1.1.1.2018_4,637,712,33,72,column
1824,10.1.1.20.2130_26,458,710,59,75,column
1825,10.1.1.20.2130_26,531,710,37,73,column
1826,10.1.1.20.2130_26,583,712,36,73,column
1827,10.1.1.20.2130_26,637,712,33,72,column
1828,10.1.1.120.1615_3,458,710,59,75,column
1829,10.1.1.120.1615_3,531,710,37,73,column
1830,10.1.1.120.1615_3,583,712,36,73,column
1831,10.1.1.120.1615_3,637,712,33,72,column
1832,10.1.1.160.508_5,458,710,59,75,column
1833,10.1.1.160.508_5,531,710,37,73,column
1834,10.1.1.160.508_5,583,712,36,73,column
1835,10.1.1.160.508_5,637,712,33,72,column
1836,10.1.1.192.1811_6,458,710,59,75,column
1837,10.1.1.192.1811_6,531,710,37,73,column
1838,10.1.1.192.1811_6,583,712,36,73,column
1839,10.1.1.192.1811_6,637,712,33,72,column
1840,10.1.1.160.596_4,458,710,59,75,column
1841,10.1.1.160.596_4,531,710,37,73,column
1842,10.1.1.160.596_4,583,712,36,73,column
1843,10.1.1.160.596_4,637,712,33,72,column
1844,10.1.1.160.699_17,458,710,59,75,column
1845,10.1.1.160.699_17,531,710,37,73,column
1846,10.1.1.160.699_17,583,712,36,73,column
1847,10.1.1.160.699_17,637,712,33,72,column
1848,10.1.1.160.614_2,458,710,59,75,column
1849,10.1.1.160.614_2,531,710,37,73,column
1850,10.1.1.160.614_2,583,712,36,73,column
1851,10.1.1.160.614_2,637,712,33,72,column
1852,10.1.1.32.3478_5,458,710,59,75,column
1853,10.1.1.32.3478_5,531,710,37,73,column
1854,10.1.1.32.3478_5,583,712,36,73,column
1855,10.1.1.32.3478_5,637,712,33,72,column
1856,10.1.1.34.330_10,458,710,59,75,column
1857,10.1.1.34.330_10,531,710,37,73,column
1858,10.1.1.34.330_10,583,712,36,73,column
1859,10.1.1.34.330_10,637,712,33,72,column
1860,10.1.1.6.2260_4,458,710,59,75,column
1861,10.1.1.6.2260_4,531,710,37,73,column
1862,10.1.1.6.2260_4,583,712,36,73,column
1863,10.1.1.6.2260_4,637,712,33,72,column
1864,10.1.1.1.2031_24,458,710,59,75,column
1865,10.1.1.1.2031_24,531,710,37,73,column
1866,10.1.1.1.2031_24,583,712,36,73,column
1867,10.1.1.1.2031_24,637,712,33,72,column
1868,10.1.1.37.4664_24,458,710,59,75,column
1869,10.1.1.37.4664_24,531,710,37,73,column
1870,10.1.1.37.4664_24,583,712,36,73,column
1871,10.1.1.37.4664_24,637,712,33,72,column
1872,10.1.1.160.546_36,458,710,59,75,column
1873,10.1.1.160.546_36,531,710,37,73,column
1874,10.1.1.160.546_36,583,712,36,73,column
1875,10.1.1.160.546_36,637,712,33,72,column
1876,10.1.1.178.3008_5,458,710,59,75,column
1877,10.1.1.178.3008_5,531,710,37,73,column
1878,10.1.1.178.3008_5,583,712,36,73,column
1879,10.1.1.178.3008_5,637,712,33,72,column
1880,10.1.1.193.1818_3,458,710,59,75,column
1881,10.1.1.193.1818_3,531,710,37,73,column
1882,10.1.1.193.1818_3,583,712,36,73,column
1883,10.1.1.193.1818_3,637,712,33,72,column
1884,10.1.1.160.709_14,458,710,59,75,column
1885,10.1.1.160.709_14,531,710,37,73,column
1886,10.1.1.160.709_14,583,712,36,73,column
1887,10.1.1.160.709_14,637,712,33,72,column
1888,10.1.1.160.581_25,458,710,59,75,column
1889,10.1.1.160.581_25,531,710,37,73,column
1890,10.1.1.160.581_25,583,712,36,73,column
1891,10.1.1.160.581_25,637,712,33,72,column
1892,10.1.1.8.2161_9,458,710,59,75,column
1893,10.1.1.8.2161_9,531,710,37,73,column
1894,10.1.1.8.2161_9,583,712,36,73,column
1895,10.1.1.8.2161_9,637,712,33,72,column
1896,10.1.1.120.1525_53,458,710,59,75,column
1897,10.1.1.120.1525_53,531,710,37,73,column
1898,10.1.1.120.1525_53,583,712,36,73,column
1899,10.1.1.120.1525_53,637,712,33,72,column
1900,10.1.1.190.2735_45,458,710,59,75,column
1901,10.1.1.190.2735_45,531,710,37,73,column
1902,10.1.1.190.2735_45,583,712,36,73,column
1903,10.1.1.190.2735_45,637,712,33,72,column
1904,10.1.1.160.657_4,458,710,59,75,column
1905,10.1.1.160.657_4,531,710,37,73,column
1906,10.1.1.160.657_4,583,712,36,73,column
1907,10.1.1.160.657_4,637,712,33,72,column
1908,10.1.1.1.2044_7,458,710,59,75,column
1909,10.1.1.1.2044_7,531,710,37,73,column
1910,10.1.1.1.2044_7,583,712,36,73,column
1911,10.1.1.1.2044_7,637,712,33,72,column
1912,10.1.1.180.567_5,458,710,59,75,column
1913,10.1.1.180.567_5,531,710,37,73,column
1914,10.1.1.180.567_5,583,712,36,73,column
1915,10.1.1.180.567_5,637,712,33,72,column
1916,10.1.1.32.775_4,458,710,59,75,column
1917,10.1.1.32.775_4,531,710,37,73,column
1918,10.1.1.32.775_4,583,712,36,73,column
1919,10.1.1.32.775_4,637,712,33,72,column
1920,10.1.1.7.2101_27,458,710,59,75,column
1921,10.1.1.7.2101_27,531,710,37,73,column
1922,10.1.1.7.2101_27,583,712,36,73,column
1923,10.1.1.7.2101_27,637,712,33,72,column
1924,10.1.1.6.2366_6,458,710,59,75,column
1925,10.1.1.6.2366_6,531,710,37,73,column
1926,10.1.1.6.2366_6,583,712,36,73,column
1927,10.1.1.6.2366_6,637,712,33,72,column
1928,10.1.1.180.564_70,458,710,59,75,column
1929,10.1.1.180.564_70,531,710,37,73,column
1930,10.1.1.180.564_70,583,712,36,73,column
1931,10.1.1.180.564_70,637,712,33,72,column
1932,10.1.1.1.2145_15,458,710,59,75,column
1933,10.1.1.1.2145_15,531,710,37,73,column
1934,10.1.1.1.2145_15,583,712,36,73,column
1935,10.1.1.1.2145_15,637,712,33,72,column
1936,10.1.1.38.2480_4,458,710,59,75,column
1937,10.1.1.38.2480_4,531,710,37,73,column
1938,10.1.1.38.2480_4,583,712,36,73,column
1939,10.1.1.38.2480_4,637,712,33,72,column
1940,10.1.1.1.2112_9,458,710,59,75,column
1941,10.1.1.1.2112_9,531,710,37,73,column
1942,10.1.1.1.2112_9,583,712,36,73,column
1943,10.1.1.1.2112_9,637,712,33,72,column
1944,10.1.1.160.590_212,458,710,59,75,column
1945,10.1.1.160.590_212,531,710,37,73,column
1946,10.1.1.160.590_212,583,712,36,73,column
1947,10.1.1.160.590_212,637,712,33,72,column
1948,10.1.1.6.2248_9,458,710,59,75,column
1949,10.1.1.6.2248_9,531,710,37,73,column
1950,10.1.1.6.2248_9,583,712,36,73,column
1951,10.1.1.6.2248_9,637,712,33,72,column
1952,10.1.1.160.623_8,458,710,59,75,column
1953,10.1.1.160.623_8,531,710,37,73,column
1954,10.1.1.160.623_8,583,712,36,73,column
1955,10.1.1.160.623_8,637,712,33,72,column
1956,10.1.1.172.1002_32,458,710,59,75,column
1957,10.1.1.172.1002_32,531,710,37,73,column
1958,10.1.1.172.1002_32,583,712,36,73,column
1959,10.1.1.172.1002_32,637,712,33,72,column
1960,10.1.1.160.709_3,458,710,59,75,column
1961,10.1.1.160.709_3,531,710,37,73,column
1962,10.1.1.160.709_3,583,712,36,73,column
1963,10.1.1.160.709_3,637,712,33,72,column
1964,10.1.1.20.2130_25,458,710,59,75,column
1965,10.1.1.20.2130_25,531,710,37,73,column
1966,10.1.1.20.2130_25,583,712,36,73,column
1967,10.1.1.20.2130_25,637,712,33,72,column
1968,10.1.1.1.2023_31,458,710,59,75,column
1969,10.1.1.1.2023_31,531,710,37,73,column
1970,10.1.1.1.2023_31,583,712,36,73,column
1971,10.1.1.1.2023_31,637,712,33,72,column
1972,10.1.1.160.596_5,458,710,59,75,column
1973,10.1.1.160.596_5,531,710,37,73,column
1974,10.1.1.160.596_5,583,712,36,73,column
1975,10.1.1.160.596_5,637,712,33,72,column
